"station_name","rcp","year","pessimistic","intermediate","optimistic"
"Adolfo Matthei","rcp45","2050",79.3951096884884,82.721276382209,85.4003345154397
"Adolfo Matthei","rcp45","2085",79.5168844154614,82.4866112685195,89.6139110162462
"Adolfo Matthei","rcp85","2050",77.0003412374131,80.5959255908929,83.9619090561964
"Adolfo Matthei","rcp85","2085",70.4274283301693,75.8035520826033,87.8617323575436
"AEROPARQUE JORGE NEWBERY","rcp45","2050",25.9736930733407,29.396534560658,34.3526433356892
"AEROPARQUE JORGE NEWBERY","rcp45","2085",25.48433730547,29.5858533834926,50.1663818003153
"AEROPARQUE JORGE NEWBERY","rcp85","2050",20.5919863851796,25.6756225582576,29.4861525745919
"AEROPARQUE JORGE NEWBERY","rcp85","2085",11.0473189119491,19.748589423149,40.1783541969744
"AFONSO PENA","rcp45","2050",4.34270223658552,6.04254370840812,7.81772093195048
"AFONSO PENA","rcp45","2085",4.8091523533688,6.97130933955191,12.9383727124412
"AFONSO PENA","rcp85","2050",3.473461184016,5.25405214198526,6.66784053105448
"AFONSO PENA","rcp85","2085",1.00036084090431,3.02759543546955,7.45027609260552
"ALFONSO BONILLA ARAGON INTL","rcp45","2050",0,0,0
"ALFONSO BONILLA ARAGON INTL","rcp45","2085",0,0,0
"ALFONSO BONILLA ARAGON INTL","rcp85","2050",0,0,0
"ALFONSO BONILLA ARAGON INTL","rcp85","2085",0,0,0
"ALFREDO VASQUEZ COBO","rcp45","2050",0,0,0
"ALFREDO VASQUEZ COBO","rcp45","2085",0,0,0
"ALFREDO VASQUEZ COBO","rcp85","2050",0,0,0
"ALFREDO VASQUEZ COBO","rcp85","2085",0,0,0
"Alicahue","rcp45","2050",30.1508812919515,39.2526964149549,48.7678847404313
"Alicahue","rcp45","2085",30.136725991601,40.8666349864411,50.578778207102
"Alicahue","rcp85","2050",25.9282796240317,34.6106796102918,45.8793514539698
"Alicahue","rcp85","2085",15.037065256796,28.2115513650526,41.555429735346
"ALMIRANTE ZAR","rcp45","2050",64.3696435428265,68.6241718723904,71.2628590641079
"ALMIRANTE ZAR","rcp45","2085",66.0157678548862,69.3782457648795,78.2362968145098
"ALMIRANTE ZAR","rcp85","2050",62.2262449416667,66.2153567370947,68.8110075826376
"ALMIRANTE ZAR","rcp85","2085",58.6460080421484,61.7286742710812,73.408338173117
"AMBROSIO L V TARAVELLA","rcp45","2050",19.7905665762291,23.6684435033367,28.3240160196208
"AMBROSIO L V TARAVELLA","rcp45","2085",21.5390501563741,25.6971311980742,39.8118635351857
"AMBROSIO L V TARAVELLA","rcp85","2050",19.015159280525,21.8885703275209,25.3860173018384
"AMBROSIO L V TARAVELLA","rcp85","2085",12.6157013365575,18.7796658164823,33.5824596500627
"ARTIGAS INTL","rcp45","2050",11.7348287685172,15.5267731531692,19.368185844088
"ARTIGAS INTL","rcp45","2085",13.1216161146506,15.7507715635802,27.1042648044299
"ARTIGAS INTL","rcp85","2050",10.5833414520173,13.3023602822572,15.084511750965
"ARTIGAS INTL","rcp85","2085",5.00840845256073,8.92933145469192,17.7750342244362
"ARTURO MERINO BENITEZ INTL","rcp45","2050",35.0294458464953,45.6330263140744,53.0994318880137
"ARTURO MERINO BENITEZ INTL","rcp45","2085",35.2376719210816,47.3343091133938,57.6106231079398
"ARTURO MERINO BENITEZ INTL","rcp85","2050",30.77824598707,39.8444408478993,50.8342718019157
"ARTURO MERINO BENITEZ INTL","rcp85","2085",19.03255890281,32.2736915675905,48.0279037277805
"Ascasubi","rcp45","2050",60.3511526586108,63.4081965146634,65.4861274851692
"Ascasubi","rcp45","2085",61.2801611104105,64.7105038124291,76.1555914015562
"Ascasubi","rcp85","2050",58.4119962875511,60.8258769998229,64.000436364071
"Ascasubi","rcp85","2085",50.4161104837622,57.1342604015999,70.6678794790778
"Azapa","rcp45","2050",0,0,0
"Azapa","rcp45","2085",0,0,1.97888646214062
"Azapa","rcp85","2050",0,0,0
"Azapa","rcp85","2085",0,0,0
"BALMACEDA","rcp45","2050",80.5541600125143,82.1812458601235,83.1185373471981
"BALMACEDA","rcp45","2085",81.7846781627259,83.3056636650581,85.4672704635714
"BALMACEDA","rcp85","2050",80.9449885424256,83.0430797950539,85.0817579681907
"BALMACEDA","rcp85","2085",83.2883436369236,85.7585029194606,87.8645397785508
"Balmaceda Ad.","rcp45","2050",80.2378353240783,81.8004707338375,82.9408476802528
"Balmaceda Ad.","rcp45","2085",80.8240456720414,82.83028085054,85.078513640742
"Balmaceda Ad.","rcp85","2050",80.6170157395702,82.7520083756817,84.6026384598845
"Balmaceda Ad.","rcp85","2085",82.9563859754708,85.4284009699742,87.4883528367213
"Bernardo O'Higgins Chillan Ad.","rcp45","2050",65.5423922104267,70.8590070242044,76.8912616871276
"Bernardo O'Higgins Chillan Ad.","rcp45","2085",66.7381212486735,71.7340076450915,82.4496558134852
"Bernardo O'Higgins Chillan Ad.","rcp85","2050",63.214876075077,67.5765587547321,73.8662933684227
"Bernardo O'Higgins Chillan Ad.","rcp85","2085",52.2201366685053,62.2962576456448,75.1893330660278
"BOA VISTA","rcp45","2050",0,0,0
"BOA VISTA","rcp45","2085",0,0,0
"BOA VISTA","rcp85","2050",0,0,0
"BOA VISTA","rcp85","2085",0,0,0
"CAMPO GRANDE","rcp45","2050",0,0,0
"CAMPO GRANDE","rcp45","2085",0,0,0
"CAMPO GRANDE","rcp85","2050",0,0,0
"CAMPO GRANDE","rcp85","2085",0,0,0
"Canal Bajo Osorno Ad.","rcp45","2050",79.5855003908491,82.465845752,84.8049816773707
"Canal Bajo Osorno Ad.","rcp45","2085",79.6703308756469,82.5622582442138,89.3740413535688
"Canal Bajo Osorno Ad.","rcp85","2050",76.5249568248582,80.1581751294434,83.250420428185
"Canal Bajo Osorno Ad.","rcp85","2085",70.1010351794721,75.3023677595093,86.5895140580888
"CAP FAP DAVID ABENZUR RENGIFO INTL","rcp45","2050",0,0,0
"CAP FAP DAVID ABENZUR RENGIFO INTL","rcp45","2085",0,0,0
"CAP FAP DAVID ABENZUR RENGIFO INTL","rcp85","2050",0,0,0
"CAP FAP DAVID ABENZUR RENGIFO INTL","rcp85","2085",0,0,0
"CAPITAN CARLOS MARTINEZ DE PINILLOS","rcp45","2050",0,0,0
"CAPITAN CARLOS MARTINEZ DE PINILLOS","rcp45","2085",0,0,0
"CAPITAN CARLOS MARTINEZ DE PINILLOS","rcp85","2050",0,0,0
"CAPITAN CARLOS MARTINEZ DE PINILLOS","rcp85","2085",0,0,0
"CAPITAN FAP GUILLERMO CONCHA IBERICO","rcp45","2050",0,0,0
"CAPITAN FAP GUILLERMO CONCHA IBERICO","rcp45","2085",0,0,0
"CAPITAN FAP GUILLERMO CONCHA IBERICO","rcp85","2050",0,0,0
"CAPITAN FAP GUILLERMO CONCHA IBERICO","rcp85","2085",0,0,0
"CAPT JOSE A  QUINONES GONZALES INTL","rcp45","2050",0,0,0
"CAPT JOSE A  QUINONES GONZALES INTL","rcp45","2085",0,0,0
"CAPT JOSE A  QUINONES GONZALES INTL","rcp85","2050",0,0,0
"CAPT JOSE A  QUINONES GONZALES INTL","rcp85","2085",0,0,0
"CARLOS IBANEZ DEL CAMPO INTL","rcp45","2050",84.8730802154478,86.6807625016172,88.2724745055966
"CARLOS IBANEZ DEL CAMPO INTL","rcp45","2085",85.2355766607693,87.4174056771863,89.3992309776404
"CARLOS IBANEZ DEL CAMPO INTL","rcp85","2050",86.1838486339857,87.9984391489879,89.581770065236
"CARLOS IBANEZ DEL CAMPO INTL","rcp85","2085",88.551067960253,91.7443417293289,92.7461110457853
"CARRASCO INTL","rcp45","2050",35.7582124973783,38.6735468029356,43.4140317496904
"CARRASCO INTL","rcp45","2085",36.8263935559066,40.7566364386266,58.8738290814301
"CARRASCO INTL","rcp85","2050",30.5775565712697,35.0611175634731,40.3722089411767
"CARRASCO INTL","rcp85","2085",20.5643267008813,28.8253359394578,49.656428678669
"Carriel Sur Concepcion.","rcp45","2050",57.9124859532994,65.0466022255468,70.8546627341748
"Carriel Sur Concepcion.","rcp45","2085",59.2869231622899,64.5305569058246,81.3985318767282
"Carriel Sur Concepcion.","rcp85","2050",55.8136007492185,60.5566825559688,67.2213793429728
"Carriel Sur Concepcion.","rcp85","2085",42.7684722654362,51.3763982045502,71.5309035355076
"CARRIEL SUR INTL","rcp45","2050",57.4000111408059,63.3590989787558,70.4507551165989
"CARRIEL SUR INTL","rcp45","2085",58.1366018163999,63.1011539170959,80.0546982055607
"CARRIEL SUR INTL","rcp85","2050",53.9422985809097,59.1451949747188,65.3576115637848
"CARRIEL SUR INTL","rcp85","2085",42.1067013525144,49.48318815331,70.2976306662968
"CATAMARCA","rcp45","2050",7.12955716103943,9.55638714334896,12.3124914639563
"CATAMARCA","rcp45","2085",6.73802640878409,11.4499305855423,22.8325638012252
"CATAMARCA","rcp85","2050",6.25910695354457,8.2163352247328,11.1316167762054
"CATAMARCA","rcp85","2085",3.03504037093109,6.00508598530328,16.0294587713793
"CATARATAS DEL IGUAZU","rcp45","2050",2.00842942020131,3.001501054562,4.02457458540709
"CATARATAS DEL IGUAZU","rcp45","2085",2.01324731807222,3.09124381765798,6.91876638504868
"CATARATAS DEL IGUAZU","rcp85","2050",1.00684293114409,2.02229661175841,3.01613066979144
"CATARATAS DEL IGUAZU","rcp85","2085",0,1.00470471471567,3.99590369157295
"CATARATAS INTL","rcp45","2050",1.47544956869484,2.0188290001189,3.02661056699048
"CATARATAS INTL","rcp45","2085",1.35315581417308,2.95970886213297,6.21596005569302
"CATARATAS INTL","rcp85","2050",1.00205287304584,1.99962209744189,2.02484351681244
"CATARATAS INTL","rcp85","2085",0,1.00011891875414,3.31420261326252
"CERES","rcp45","2050",12.3253748800506,15.3614171352024,19.132869371273
"CERES","rcp45","2085",13.712301758856,17.0504676371238,28.6454553570593
"CERES","rcp85","2050",11.810573966038,13.8317834031039,15.9069895247183
"CERES","rcp85","2085",6.67680391363376,11.6471889065708,22.2957126584251
"Cerro Calan","rcp45","2050",33.6704605874636,43.7846486637254,50.7950770949856
"Cerro Calan","rcp45","2085",31.3239406861207,44.7934345306167,56.4530620144405
"Cerro Calan","rcp85","2050",29.6137398525238,38.3321471597969,47.953395625323
"Cerro Calan","rcp85","2085",18.1123903689149,32.005082554123,44.6021979906959
"Cerro Moreno Antofagasta Ap.","rcp45","2050",0,1.0004034388374,1.01547295750566
"Cerro Moreno Antofagasta Ap.","rcp45","2085",0,1.00111411500046,6.04439677821665
"Cerro Moreno Antofagasta Ap.","rcp85","2050",0,0,0
"Cerro Moreno Antofagasta Ap.","rcp85","2085",0,0,0
"CERRO MORENO INTL","rcp45","2050",0,0,1.01065748304225
"CERRO MORENO INTL","rcp45","2085",0,0.958066557057776,5.02408950107633
"CERRO MORENO INTL","rcp85","2050",0,0,0
"CERRO MORENO INTL","rcp85","2085",0,0,0
"CHACALLUTA","rcp45","2050",0,0,0
"CHACALLUTA","rcp45","2085",0,0,0
"CHACALLUTA","rcp85","2050",0,0,0
"CHACALLUTA","rcp85","2085",0,0,0
"Chacalluta Arica Ap.","rcp45","2050",0,0,0
"Chacalluta Arica Ap.","rcp45","2085",0,0,0
"Chacalluta Arica Ap.","rcp85","2050",0,0,0
"Chacalluta Arica Ap.","rcp85","2085",0,0,0
"Chile Chico Ad.","rcp45","2050",84.659013768005,84.9886559378551,85.9890809536273
"Chile Chico Ad.","rcp45","2085",85.0003929522572,85.5622647557557,86.6623360378653
"Chile Chico Ad.","rcp85","2050",84.2031307946781,85.0021381828137,85.770662817689
"Chile Chico Ad.","rcp85","2085",79.9102129780006,84.6481084281611,87.9810322215594
"Chiu-Chiu","rcp45","2050",3.14904538549739,13.4574161712596,23.4150008622562
"Chiu-Chiu","rcp45","2085",5.28944676117277,16.7296301879196,26.2418685628827
"Chiu-Chiu","rcp85","2050",2.01833035187065,9.41686218081193,16.9028657264464
"Chiu-Chiu","rcp85","2085",0.558915085946438,1.94430478677656,10.7379379587744
"Cogoti Embalse","rcp45","2050",11.6138243798292,18.0348138458005,24.4099197458891
"Cogoti Embalse","rcp45","2085",11.0427400800085,18.7790460119641,29.0568147056338
"Cogoti Embalse","rcp85","2050",8.02552508311715,14.0961593592492,22.8216385720846
"Cogoti Embalse","rcp85","2085",3.03057988392015,7.9777620615175,18.402121792903
"Colorado","rcp45","2050",65.2961910614013,72.774730700281,78.0091464442512
"Colorado","rcp45","2085",65.2501288963776,73.611839018565,82.4274785147231
"Colorado","rcp85","2050",62.1011863736703,67.9374742075906,75.5677098813926
"Colorado","rcp85","2085",49.4538949577513,58.5430737810104,74.2800818789292
"COMANDANTE ESPORA","rcp45","2050",52.8135579835885,56.2254430831381,59.7758943775389
"COMANDANTE ESPORA","rcp45","2085",53.7593566923942,57.686207967236,70.0886145099287
"COMANDANTE ESPORA","rcp85","2050",49.6343536222757,53.7836756071479,56.2515178029853
"COMANDANTE ESPORA","rcp85","2085",40.1497838309488,47.7791506908097,64.1765750816521
"COMODORO PIERRESTEGUI","rcp45","2050",15.2648365420191,18.2936336763383,22.5175077771119
"COMODORO PIERRESTEGUI","rcp45","2085",16.5866113436473,19.5881334279638,34.5347420578173
"COMODORO PIERRESTEGUI","rcp85","2050",14.6449482108925,15.9432146489455,18.3900957523297
"COMODORO PIERRESTEGUI","rcp85","2085",7.99035075883126,12.8487004610047,24.1004701046531
"COMODORO RIVADAVIA","rcp45","2050",67.798003892799,71.895210312583,75.360652049234
"COMODORO RIVADAVIA","rcp45","2085",68.2091424029031,71.9094843282019,79.7903510366909
"COMODORO RIVADAVIA","rcp85","2050",63.9189902668468,69.5383180397712,72.9778413554668
"COMODORO RIVADAVIA","rcp85","2085",58.7411015216835,62.7294422290956,73.9267293402499
"CONGONHAS","rcp45","2050",0,0,1.00350920872981
"CONGONHAS","rcp45","2085",0,0,3.01835420903069
"CONGONHAS","rcp85","2050",0,0,0
"CONGONHAS","rcp85","2085",0,0,1.00211269411483
"CORONEL CARLOS CIRIANI SANTA ROSA INTL","rcp45","2050",0,0,0
"CORONEL CARLOS CIRIANI SANTA ROSA INTL","rcp45","2085",0,0,2.01829471319974
"CORONEL CARLOS CIRIANI SANTA ROSA INTL","rcp85","2050",0,0,0
"CORONEL CARLOS CIRIANI SANTA ROSA INTL","rcp85","2085",0,0,0
"CORONEL FRANCISCO SECADA VIGNETTA INTL","rcp45","2050",0,0,0
"CORONEL FRANCISCO SECADA VIGNETTA INTL","rcp45","2085",0,0,0
"CORONEL FRANCISCO SECADA VIGNETTA INTL","rcp85","2050",0,0,0
"CORONEL FRANCISCO SECADA VIGNETTA INTL","rcp85","2085",0,0,0
"CORRIENTES","rcp45","2050",3.71480208588616,4.71554306906265,6.53608500131185
"CORRIENTES","rcp45","2085",3.90267929987252,4.96193676096391,11.0346122073706
"CORRIENTES","rcp85","2050",2.51014725058496,3.94801309146249,4.98267583760179
"CORRIENTES","rcp85","2085",0,2.0159744246447,6.11804963440397
"DEPUTADO LUIS EDUARDO MAGALHAES","rcp45","2050",0,0,0
"DEPUTADO LUIS EDUARDO MAGALHAES","rcp45","2085",0,0,0
"DEPUTADO LUIS EDUARDO MAGALHAES","rcp85","2050",0,0,0
"DEPUTADO LUIS EDUARDO MAGALHAES","rcp85","2085",0,0,0
"Diego Aracena Iquique Ap.","rcp45","2050",0,0,0
"Diego Aracena Iquique Ap.","rcp45","2085",0,0,0
"Diego Aracena Iquique Ap.","rcp85","2050",0,0,0
"Diego Aracena Iquique Ap.","rcp85","2085",0,0,0
"Digua Embalse","rcp45","2050",73.4425508350769,79.3166976486091,82.8609118527811
"Digua Embalse","rcp45","2085",74.3513978712563,79.8276537527936,86.1232177451147
"Digua Embalse","rcp85","2050",71.5767956277987,75.9779258725048,80.1241714050532
"Digua Embalse","rcp85","2085",62.8991840377628,70.6101263207229,81.1105054495238
"Diguillin","rcp45","2050",70.7408304364408,75.9485334982437,79.0373234483031
"Diguillin","rcp45","2085",71.0384054774267,76.3703354738682,81.8197853474958
"Diguillin","rcp85","2050",70.038336458513,73.5317144011515,77.1943076479797
"Diguillin","rcp85","2085",60.537394964218,67.8167780851919,75.9932971909002
"EDUARDO GOMES INTL","rcp45","2050",0,0,0
"EDUARDO GOMES INTL","rcp45","2085",0,0,0
"EDUARDO GOMES INTL","rcp85","2050",0,0,0
"EDUARDO GOMES INTL","rcp85","2085",0,0,0
"EL ALTO INTL","rcp45","2050",58.8634232335244,67.3932872868572,74.1864169054843
"EL ALTO INTL","rcp45","2085",62.139761783641,68.7086636505755,75.2138106559769
"EL ALTO INTL","rcp85","2050",52.8624390716359,63.9008689413772,71.7077295280396
"EL ALTO INTL","rcp85","2085",38.6450941770746,55.7612408277528,65.9756322072153
"El Loa Calama Ad.","rcp45","2050",1.99142090074872,10.1254615443472,18.7706586821801
"El Loa Calama Ad.","rcp45","2085",3.54447666408521,13.0365972053597,21.4569047901625
"El Loa Calama Ad.","rcp85","2050",1.0872831612742,6.89087844887763,12.9128341023213
"El Loa Calama Ad.","rcp85","2085",0,0.995775165516477,7.54976429865249
"EL PLUMERILLO","rcp45","2050",35.1043009368357,42.8991769976692,52.5084088072509
"EL PLUMERILLO","rcp45","2085",35.8919348715344,45.8111535459678,57.5133209606402
"EL PLUMERILLO","rcp85","2050",30.9063126389688,39.4326422075628,48.217694274459
"EL PLUMERILLO","rcp85","2085",20.8421512546042,32.6347788161775,49.8950286480567
"EL TEPUAL INTL","rcp45","2050",79.8589226789245,83.8344126651391,85.8043875944841
"EL TEPUAL INTL","rcp45","2085",80.0216777591449,83.8060620326496,90.9109992693579
"EL TEPUAL INTL","rcp85","2050",78.4268235074824,81.5732501910661,84.7981367197117
"EL TEPUAL INTL","rcp85","2085",70.4293186785526,76.1397765858428,88.1994678982792
"El Tepual Puerto Montt Ap.","rcp45","2050",82.5701121669431,85.4486211454514,87.3395164267167
"El Tepual Puerto Montt Ap.","rcp45","2085",82.8074496616091,85.1576994337793,92.0859817959872
"El Tepual Puerto Montt Ap.","rcp85","2050",79.9858200648441,83.4502913801613,86.6357922408708
"El Tepual Puerto Montt Ap.","rcp85","2085",73.0271703009075,79.167758532285,90.0783895580003
"El Trapiche","rcp45","2050",6.02047072635264,12.8752218359875,20.934344322754
"El Trapiche","rcp45","2085",6.0045788536749,13.978264621448,27.5476133573779
"El Trapiche","rcp85","2050",2.7507763969364,9.01145466926141,16.5848755037093
"El Trapiche","rcp85","2085",0,3.00788620170113,12.9968019198427
"EL TROMPILLO","rcp45","2050",0,0,0
"EL TROMPILLO","rcp45","2085",0,0,0.999105418390684
"EL TROMPILLO","rcp85","2050",0,0,0
"EL TROMPILLO","rcp85","2085",0,0,0
"ELDORADO INTL","rcp45","2050",0,1.79704636261295,9.02942939436889
"ELDORADO INTL","rcp45","2085",0,2.0187643324795,17.5640227533368
"ELDORADO INTL","rcp85","2050",0,0,6.6331289119596
"ELDORADO INTL","rcp85","2085",0,0,2.02507814531521
"ESQUEL","rcp45","2050",82.0328757902116,82.5982708741622,83.5480597609408
"ESQUEL","rcp45","2085",82.3428886355237,83.3705175564014,84.1424996042224
"ESQUEL","rcp85","2050",81.608049808292,82.7477565799418,83.3935305900159
"ESQUEL","rcp85","2085",81.8975703294918,82.8618366711635,84.9482293238111
"Eulogio Sanchez Tobalaba Ad.","rcp45","2050",39.7952483140975,50.4710601198673,59.3089766642868
"Eulogio Sanchez Tobalaba Ad.","rcp45","2085",39.8668585886999,53.4374678501385,66.8024531234155
"Eulogio Sanchez Tobalaba Ad.","rcp85","2050",34.7530445423554,45.5991561684441,55.7845855764403
"Eulogio Sanchez Tobalaba Ad.","rcp85","2085",23.8879681166011,39.6503794340488,53.5298441093894
"FORMOSA","rcp45","2050",2.01050271487267,2.90159530530468,4.0397181723942
"FORMOSA","rcp45","2085",1.00859521750635,3.17310778187198,7.16155979192592
"FORMOSA","rcp85","2050",1.00609000656721,2.01064615539059,3.38273422802001
"FORMOSA","rcp85","2085",0,0.992065723753853,3.52035039361999
"Futaleufu Ad.","rcp45","2050",86.9069499911257,87.3578942947042,88.730491717475
"Futaleufu Ad.","rcp45","2085",86.4061549590024,87.9017107312716,89.5349292526853
"Futaleufu Ad.","rcp85","2050",86.4583849681294,87.6608912554148,88.7923673218665
"Futaleufu Ad.","rcp85","2085",85.4390221026247,87.4325549085079,90.4910549683509
"GALEAO ANTONIO CARLOS JOBIM","rcp45","2050",0,0,0
"GALEAO ANTONIO CARLOS JOBIM","rcp45","2085",0,0,0
"GALEAO ANTONIO CARLOS JOBIM","rcp85","2050",0,0,0
"GALEAO ANTONIO CARLOS JOBIM","rcp85","2085",0,0,0
"General Freire Curico Ad.","rcp45","2050",59.6300000760771,68.1026179551332,75.4622989198269
"General Freire Curico Ad.","rcp45","2085",59.7697214458417,69.1289478110302,79.5828341637953
"General Freire Curico Ad.","rcp85","2050",54.9910456886741,62.8843237161818,70.3528868475926
"General Freire Curico Ad.","rcp85","2085",42.3147475673205,52.956489709276,69.3103935966992
"GENERAL URQUIZA","rcp45","2050",19.0088254439816,22.1289138182103,26.6402418039715
"GENERAL URQUIZA","rcp45","2085",18.9490303625817,23.3070841808787,39.5747795324046
"GENERAL URQUIZA","rcp85","2050",16.7667128629876,19.5292893160236,22.100200204477
"GENERAL URQUIZA","rcp85","2085",10.1165773052348,16.176140275202,31.554038689294
"GOBERNADOR CASTELLO","rcp45","2050",61.3449458765493,64.5320528692374,66.9107701901521
"GOBERNADOR CASTELLO","rcp45","2085",61.8369786883814,64.9767103719823,76.0485279630848
"GOBERNADOR CASTELLO","rcp85","2050",59.708498221648,62.2023345646058,65.0333226114608
"GOBERNADOR CASTELLO","rcp85","2085",53.142500963022,58.0747949325314,69.7638819109236
"GOIABEIRAS","rcp45","2050",0,0,0
"GOIABEIRAS","rcp45","2085",0,0,0
"GOIABEIRAS","rcp85","2050",0,0,0
"GOIABEIRAS","rcp85","2085",0,0,0
"GUALEGUAYCHU","rcp45","2050",23.4540759690171,26.0146236940117,30.8051773035788
"GUALEGUAYCHU","rcp45","2085",24.3618627302978,28.3280923828129,43.0270505534045
"GUALEGUAYCHU","rcp85","2050",20.5053185132325,23.1631800060238,26.8463307448023
"GUALEGUAYCHU","rcp85","2085",13.2533075210231,19.3158618073817,35.4661998326792
"HERCILIO LUZ","rcp45","2050",0,0,0
"HERCILIO LUZ","rcp45","2085",0,0,3.01873645415446
"HERCILIO LUZ","rcp85","2050",0,0,0
"HERCILIO LUZ","rcp85","2085",0,0,0
"HEROES DEL ACRE","rcp45","2050",0,0,0
"HEROES DEL ACRE","rcp45","2085",0,0,0
"HEROES DEL ACRE","rcp85","2050",0,0,0
"HEROES DEL ACRE","rcp85","2085",0,0,0
"Hurtado","rcp45","2050",10.0844227047836,15.1013001266574,19.7517865601076
"Hurtado","rcp45","2085",8.9135582738395,14.2260788416029,20.6045623976145
"Hurtado","rcp85","2050",8.00318193699462,11.8399903405287,17.7263428545918
"Hurtado","rcp85","2085",3.72051425611414,6.76399158502784,15.4120945454411
"Illapel Dga","rcp45","2050",16.5212660756142,26.8718064541129,36.1037588450515
"Illapel Dga","rcp45","2085",15.8693080236919,28.0676443343727,40.9221138621403
"Illapel Dga","rcp85","2050",11.4578983570583,21.2967052857471,33.5460366782045
"Illapel Dga","rcp85","2085",3.96658080447872,11.6766652938245,28.8144883962757
"JORGE CHAVEZ INTL","rcp45","2050",0,0,0
"JORGE CHAVEZ INTL","rcp45","2085",0,0,0
"JORGE CHAVEZ INTL","rcp85","2050",0,0,0
"JORGE CHAVEZ INTL","rcp85","2085",0,0,0
"JORGE WILSTERMAN","rcp45","2050",0,0,0.741392877108268
"JORGE WILSTERMAN","rcp45","2085",0,0,0.459388143770241
"JORGE WILSTERMAN","rcp85","2050",0,0,0
"JORGE WILSTERMAN","rcp85","2085",0,0,0
"JUJUY","rcp45","2050",6.70448981631978,9.89879563727197,11.5312152364363
"JUJUY","rcp45","2085",7.01292114626358,10.5913497947397,16.8737891707299
"JUJUY","rcp85","2050",6.07021682683978,8.01502228504955,10.3670689108719
"JUJUY","rcp85","2085",2.02299491966363,4.99231209895635,10.7015794725698
"JUNIN","rcp45","2050",38.4335212509177,41.7606064446281,46.5206444635276
"JUNIN","rcp45","2085",39.0186507618716,42.9805902398546,58.4321069269736
"JUNIN","rcp85","2050",33.9572364004189,37.7965292336548,41.6571872324988
"JUNIN","rcp85","2085",24.8754960300289,34.0789750380657,52.0377145099964
"LA FLORIDA","rcp45","2050",16.7243181301181,29.9957664029803,43.7756117744657
"LA FLORIDA","rcp45","2085",16.9328480613387,33.1215769848104,52.2576959365988
"LA FLORIDA","rcp85","2050",9.06723306638128,23.0260391570212,36.9088647308045
"LA FLORIDA","rcp85","2085",1.01391972693665,9.06030078840718,30.8558958492199
"La Florida La Serena Ad.","rcp45","2050",18.9861664665767,33.9728681485608,47.2345264177857
"La Florida La Serena Ad.","rcp45","2085",20.1093239171164,36.2420518808747,57.0171220644681
"La Florida La Serena Ad.","rcp85","2050",11.0918094554656,27.0320440510077,41.2707456844578
"La Florida La Serena Ad.","rcp85","2085",2.00838803233768,12.0239368967932,35.0716345977851
"La Ortiga","rcp45","2050",13.9517104170591,18.9011462343631,24.9348328806477
"La Ortiga","rcp45","2085",12.2918746965506,16.4398789154108,26.01267412839
"La Ortiga","rcp85","2050",10.8252423238735,15.3612841760241,23.3104535758856
"La Ortiga","rcp85","2085",5.87374451604835,9.54271666664465,19.0403894000187
"LA RIOJA","rcp45","2050",9.15783086891122,13.5843814086709,17.9098446024725
"LA RIOJA","rcp45","2085",7.95657173344046,14.8455199835082,25.3963407627416
"LA RIOJA","rcp85","2050",7.95213297979842,10.6341306957895,14.154394133453
"LA RIOJA","rcp85","2085",3.83248602445656,7.53137125839874,17.7897986641873
"La Tranquilla","rcp45","2050",16.7581755793292,23.5627507093045,29.6413194432985
"La Tranquilla","rcp45","2085",15.3607252641712,22.7856266825056,32.295690447801
"La Tranquilla","rcp85","2050",13.0765466674854,19.8354348597877,28.3001116277096
"La Tranquilla","rcp85","2085",7.02209527279399,13.3903422055009,25.2196597772431
"Lago Peuelas","rcp45","2050",44.5092296763432,57.4614963582135,64.5287872518275
"Lago Peuelas","rcp45","2085",44.1931091960466,58.0924052916876,69.7967644433947
"Lago Peuelas","rcp85","2050",37.5890392729437,51.9269821891926,59.775178702087
"Lago Peuelas","rcp85","2085",24.8977953993731,41.7486840309398,55.7748274116525
"LAGUNA DE LOS PATOS INTL","rcp45","2050",28.9537875400702,31.9410534610161,38.2638931399929
"LAGUNA DE LOS PATOS INTL","rcp45","2085",29.3294017442349,32.4105796383822,53.0005716843743
"LAGUNA DE LOS PATOS INTL","rcp85","2050",22.1848989233101,28.1337905789669,32.4003846689407
"LAGUNA DE LOS PATOS INTL","rcp85","2085",14.0828089127456,21.9318802707223,43.5085109155025
"Las Ramadas","rcp45","2050",16.3534431315195,22.4977276195239,28.2522384243453
"Las Ramadas","rcp45","2085",14.3407503595404,20.5834111852796,29.4538772647677
"Las Ramadas","rcp85","2050",12.813152496376,17.7008885967124,26.211935689179
"Las Ramadas","rcp85","2085",6.94614022237351,11.904389038466,22.6055875266959
"Lautaro Embalse","rcp45","2050",0.986188428640787,1.24858912440135,2.63972341664726
"Lautaro Embalse","rcp45","2085",0.980263038252858,1.55093666697337,2.99959520181551
"Lautaro Embalse","rcp85","2050",0,1.00191588067354,1.89349707481631
"Lautaro Embalse","rcp85","2085",0,0,1.01813389016104
"Lliu-Lliu Embalse","rcp45","2050",28.2918593288673,39.7888432679838,48.9950491833383
"Lliu-Lliu Embalse","rcp45","2085",27.6557960528224,39.9282317629791,52.1084719115242
"Lliu-Lliu Embalse","rcp85","2050",23.7634763878178,33.9926704636048,44.8553437085175
"Lliu-Lliu Embalse","rcp85","2085",9.76578029360667,24.777940572058,40.0919318248266
"LONDRINA 2","rcp45","2050",0,0,0
"LONDRINA 2","rcp45","2085",0,0,1.00289353276577
"LONDRINA 2","rcp85","2050",0,0,0
"LONDRINA 2","rcp85","2085",0,0,0
"Lord Cochrane Ad.","rcp45","2050",82.2891891462614,84.0092431565372,84.8588578603997
"Lord Cochrane Ad.","rcp45","2085",83.3888020821992,84.87512375909,87.3769571792154
"Lord Cochrane Ad.","rcp85","2050",82.7558011941564,84.8501576563012,85.9188622936244
"Lord Cochrane Ad.","rcp85","2085",84.7971413309806,87.4812909470911,88.6898919369078
"Los Condores","rcp45","2050",16.0470508262346,29.7670344505505,39.4144456996688
"Los Condores","rcp45","2085",15.805584127605,29.0358164622946,44.4056295940909
"Los Condores","rcp85","2050",9.89893899097694,22.0928173139007,35.1622933909939
"Los Condores","rcp85","2085",3.01465795519698,12.0349126415865,30.0417990969306
"Los Panguiles","rcp45","2050",35.8448350891676,46.8972654227728,56.2487949819815
"Los Panguiles","rcp45","2085",34.943346606387,48.5726310396285,61.3538879286825
"Los Panguiles","rcp85","2050",30.3429024085287,41.6621878911824,51.9784333373327
"Los Panguiles","rcp85","2085",16.9585366230447,30.9857629424391,48.2812450918673
"MALARGUE","rcp45","2050",59.2164137889413,63.9803957096383,68.8423882694049
"MALARGUE","rcp45","2085",59.4888132480137,66.0760747603376,72.9063871770613
"MALARGUE","rcp85","2050",56.6907293513077,61.7149215663321,66.2653288784768
"MALARGUE","rcp85","2085",45.4578384041024,56.6814786793589,67.98309222424
"Maquehue Temuco Ad.","rcp45","2050",70.9852489132741,76.0360227493275,80.3658262483204
"Maquehue Temuco Ad.","rcp45","2085",71.6743488787433,75.9642796181951,85.7640046450033
"Maquehue Temuco Ad.","rcp85","2050",69.2052637393972,72.4041776408885,77.595207513988
"Maquehue Temuco Ad.","rcp85","2085",60.9137096227096,67.7039103843772,82.1825418987919
"Maquinchao","rcp45","2050",77.950517211972,79.0527819127565,80.6089700595239
"Maquinchao","rcp45","2085",78.6569659528795,79.431321140919,81.1304926385837
"Maquinchao","rcp85","2050",78.0171173341241,78.9344343331759,80.4503780106338
"Maquinchao","rcp85","2085",77.9777270866794,79.3112487091103,80.9767393690217
"MAR DEL PLATA","rcp45","2050",56.8181160401036,61.9634715946631,63.9211551351173
"MAR DEL PLATA","rcp45","2085",57.4178770728158,62.6764180418386,74.59682287448
"MAR DEL PLATA","rcp85","2050",50.7970776282145,58.4243256174,61.213026632987
"MAR DEL PLATA","rcp85","2085",38.9213833260346,53.3647769078871,66.9344614001147
"MARCOS JUAREZ","rcp45","2050",28.3710592239463,30.684826364547,35.871855441722
"MARCOS JUAREZ","rcp45","2085",28.9515376059994,31.6111416738033,46.7324139461771
"MARCOS JUAREZ","rcp85","2050",25.2998328391022,27.7561538749844,32.0032529330724
"MARCOS JUAREZ","rcp85","2085",18.212872238792,24.8050878776512,40.2892965944503
"MARECHAL RONDON","rcp45","2050",0,0,0
"MARECHAL RONDON","rcp45","2085",0,0,0
"MARECHAL RONDON","rcp85","2050",0,0,0
"MARECHAL RONDON","rcp85","2085",0,0,0
"MATECANA","rcp45","2050",0,0,0
"MATECANA","rcp45","2085",0,0,0
"MATECANA","rcp85","2050",0,0,0
"MATECANA","rcp85","2085",0,0,0
"MINISTRO PISTARINI","rcp45","2050",35.1987435841784,37.6499367133092,45.06871842898
"MINISTRO PISTARINI","rcp45","2085",35.8577205827412,39.1471758775751,57.6331591157477
"MINISTRO PISTARINI","rcp85","2050",29.7039534031574,35.6527942010762,38.632592930463
"MINISTRO PISTARINI","rcp85","2085",21.996027033003,29.615323388774,50.3434118279256
"Neuquen","rcp45","2050",63.2615766496756,66.1901347653729,68.5057658747
"Neuquen","rcp45","2085",63.9949786746765,68.0375372891892,76.4195784902313
"Neuquen","rcp85","2050",58.2643269908713,64.3506760460514,67.1619626617075
"Neuquen","rcp85","2085",54.0781361586887,59.6002360868365,72.7016026475649
"NUEVA HESPERIDES INTL","rcp45","2050",15.6648435922339,19.1837641303705,23.6547762335076
"NUEVA HESPERIDES INTL","rcp45","2085",17.5672108606909,20.8771568420584,33.2026523105842
"NUEVA HESPERIDES INTL","rcp85","2050",14.797801982734,16.8532406191226,19.6023324626658
"NUEVA HESPERIDES INTL","rcp85","2085",7.69348593721539,13.8007329408258,24.6978587502031
"Paloma Embalse","rcp45","2050",10.0505674087088,17.1507579640788,26.373362516264
"Paloma Embalse","rcp45","2085",9.33883763836394,19.1033246612246,32.4789836241362
"Paloma Embalse","rcp85","2050",6.05954814779551,13.0155556291387,23.708971549515
"Paloma Embalse","rcp85","2085",1.01343083378163,6.05833935679141,19.0347907512985
"Parral","rcp45","2050",63.1320166977625,67.8437884303091,74.650494369148
"Parral","rcp45","2085",63.2720181885079,68.9694201669276,80.5110443051817
"Parral","rcp85","2050",59.8920135028525,64.4262567295646,71.4057002864926
"Parral","rcp85","2085",47.6113482504688,57.741609719099,71.3723996907943
"PASO DE LOS LIBRES","rcp45","2050",7.43152159340246,9.59351558224489,12.8128620724515
"PASO DE LOS LIBRES","rcp45","2085",7.75049618228536,10.1471915483849,21.4160886704494
"PASO DE LOS LIBRES","rcp85","2050",5.76319467672016,7.3637210806146,9.55750380141467
"PASO DE LOS LIBRES","rcp85","2085",2.81451082506032,5.38712836066617,11.932678848339
"PASO DE LOS TOROS","rcp45","2050",23.893507414818,26.7471400748072,32.80437274935
"PASO DE LOS TOROS","rcp45","2085",25.3088045185468,28.3279477201297,43.946967014972
"PASO DE LOS TOROS","rcp85","2050",20.5343818527986,24.3512066661888,27.4981689993861
"PASO DE LOS TOROS","rcp85","2085",13.5650571369697,20.6398602590748,34.384068223656
"Pichoy Valdivia Ad.","rcp45","2050",76.5006800253459,81.0054171214297,84.5572939833037
"Pichoy Valdivia Ad.","rcp45","2085",77.0938184787974,80.8072286337847,89.0726190304595
"Pichoy Valdivia Ad.","rcp85","2050",74.5153774445389,78.4729591280256,82.0048186301046
"Pichoy Valdivia Ad.","rcp85","2085",66.2564333602095,73.0236840236685,86.1418238226906
"Pirque","rcp45","2050",46.6975352094489,55.3970347237585,61.7831146488379
"Pirque","rcp45","2085",44.4801140661693,58.2902684292431,68.7111529504855
"Pirque","rcp85","2050",41.8572748299116,50.4041349785293,58.6496455247361
"Pirque","rcp85","2085",30.2868413075694,44.75644224486,58.9032332962424
"PISCO INTL","rcp45","2050",0,0,0
"PISCO INTL","rcp45","2085",0,0,0
"PISCO INTL","rcp85","2050",0,0,0
"PISCO INTL","rcp85","2085",0,0,0
"PONTA PELADA","rcp45","2050",0,0,0
"PONTA PELADA","rcp45","2085",0,0,0
"PONTA PELADA","rcp85","2050",0,0,0
"PONTA PELADA","rcp85","2085",0,0,0
"POSADAS","rcp45","2050",2.01735729133252,3.16346079712901,4.55645753538869
"POSADAS","rcp45","2085",2.01300618610804,3.20054549238705,7.97981384401214
"POSADAS","rcp85","2050",1.71181788591502,2.36391712144416,3.8272461652019
"POSADAS","rcp85","2085",0,1.0043896208075,4.01977284882304
"Potrero Grande","rcp45","2050",66.6987574427403,73.1348295742855,77.8436039751399
"Potrero Grande","rcp45","2085",66.2589501186667,75.4306309959483,81.5595347631934
"Potrero Grande","rcp85","2050",63.3883115744038,70.2554427160012,74.7873447667798
"Potrero Grande","rcp85","2085",52.5212507867645,61.6406310556713,74.9665189620519
"PRESIDENTE GENERAL DON OSCAR D GESTIDO","rcp45","2050",14.4406394502792,16.788030107489,21.7716689618292
"PRESIDENTE GENERAL DON OSCAR D GESTIDO","rcp45","2085",14.7218047804581,17.3708775173989,33.2197793343385
"PRESIDENTE GENERAL DON OSCAR D GESTIDO","rcp85","2050",12.6241371748674,14.1999401667183,16.6811550996299
"PRESIDENTE GENERAL DON OSCAR D GESTIDO","rcp85","2085",5.48917231976259,10.4108434493972,22.6087859907502
"PRESIDENTE JUSCELINO KUBITSCHEK","rcp45","2050",0,0,0
"PRESIDENTE JUSCELINO KUBITSCHEK","rcp45","2085",0,0,0
"PRESIDENTE JUSCELINO KUBITSCHEK","rcp85","2050",0,0,0
"PRESIDENTE JUSCELINO KUBITSCHEK","rcp85","2085",0,0,0
"PRESIDENTE PERON","rcp45","2050",61.0257586600083,64.8367579757396,67.9039321839682
"PRESIDENTE PERON","rcp45","2085",62.5079511467698,66.8521066031515,76.110913724915
"PRESIDENTE PERON","rcp85","2050",57.8851094344154,62.4962188594072,65.2983956622675
"PRESIDENTE PERON","rcp85","2085",53.0271189384825,59.0281084549688,72.6424649357937
"Pudahuel Santiago","rcp45","2050",44.8157718987409,56.0801404327617,63.4172522118524
"Pudahuel Santiago","rcp45","2085",44.6828743621263,58.1259653482093,68.1597197788997
"Pudahuel Santiago","rcp85","2050",40.8382230350812,49.7225848718442,59.6213064877984
"Pudahuel Santiago","rcp85","2085",28.3782012367833,43.2342933743321,57.3533384392767
"Punta Arenas","rcp45","2050",83.6409573657602,85.9012551193346,87.5234225592667
"Punta Arenas","rcp45","2085",84.1941032744244,86.8586357348886,88.7776091582673
"Punta Arenas","rcp85","2050",85.145790091743,87.1429540849585,89.1719784342695
"Punta Arenas","rcp85","2085",87.9324910779724,91.6749966484876,92.6580996897337
"Punta Arenas 2","rcp45","2050",85.678979856888,87.8071372732265,89.061294910427
"Punta Arenas 2","rcp45","2085",86.3999991198125,88.4945020228079,90.306612929633
"Punta Arenas 2","rcp85","2050",87.1584395654208,88.905329784031,90.2352469766192
"Punta Arenas 2","rcp85","2085",89.565470048241,92.4930991155134,93.0880917644172
"Quillota","rcp45","2050",26.8288724850148,38.7672897242703,48.6525912144489
"Quillota","rcp45","2085",26.6477916479944,39.8579135136742,51.7528736620936
"Quillota","rcp85","2050",21.0929682733222,32.7878930288722,43.4141025849017
"Quillota","rcp85","2085",9.97169690052908,23.7367219037851,39.897972609569
"Quinta Normal Santiago","rcp45","2050",36.7278231519531,46.0027748072489,54.8257833791818
"Quinta Normal Santiago","rcp45","2085",34.1126544465703,48.6893651277878,62.3967156063459
"Quinta Normal Santiago","rcp85","2050",31.541482734719,40.2337271937809,51.4575578870204
"Quinta Normal Santiago","rcp85","2085",20.0890556074974,34.6801656510443,49.3605872823996
"RECONQUISTA AERO","rcp45","2050",7.67585198809201,9.05147828820714,12.1862171593052
"RECONQUISTA AERO","rcp45","2085",7.61960567197639,10.4694701930913,20.9116140588314
"RECONQUISTA AERO","rcp85","2050",6.26073766542333,7.47743114021046,9.89814659846638
"RECONQUISTA AERO","rcp85","2085",2.68712505798058,5.51589725318877,12.7421567571496
"RESISTENCIA","rcp45","2050",4.38129624815474,5.13073634077148,7.66302229105474
"RESISTENCIA","rcp45","2085",4.22776267313952,6.14185920883705,12.0580506385394
"RESISTENCIA","rcp85","2050",3.62913709796069,4.58922048185059,5.49556988307177
"RESISTENCIA","rcp85","2085",1.00382243941391,2.98783731899238,7.33129669953109
"RIO CUARTO AREA DE MATERIAL","rcp45","2050",33.4869205974187,36.2903897833482,41.6386228042147
"RIO CUARTO AREA DE MATERIAL","rcp45","2085",34.3278921628962,38.096434064199,54.2744650844506
"RIO CUARTO AREA DE MATERIAL","rcp85","2050",28.9402316593309,33.2581543047168,38.0572810320882
"RIO CUARTO AREA DE MATERIAL","rcp85","2085",22.625481063124,29.9812429063979,47.2030407972163
"RIO GALLEGOS","rcp45","2050",83.328756554256,84.3837198314559,84.9797111643933
"RIO GALLEGOS","rcp45","2085",83.8509775439634,84.8774889487977,86.6443877204401
"RIO GALLEGOS","rcp85","2050",83.9709766799733,85.1386708194295,85.9812461233169
"RIO GALLEGOS","rcp85","2085",85.8168111140203,86.968601004648,88.1281246332419
"RIO GRANDE 2","rcp45","2050",78.5810489824435,80.6118039686953,81.6411489788634
"RIO GRANDE 2","rcp45","2085",78.7305622630458,81.6428545829494,83.1654556274225
"RIO GRANDE 2","rcp85","2050",79.874559814798,81.9104636874945,84.4908854348996
"RIO GRANDE 2","rcp85","2085",82.4718063669297,85.9671051126606,87.3627040855454
"Rivadavia","rcp45","2050",6.66615523946143,10.1867424746374,14.2169666068444
"Rivadavia","rcp45","2085",5.94871232902869,10.4394687087307,16.3075312333913
"Rivadavia","rcp85","2050",4.13635503424712,7.90490155838461,12.902102692415
"Rivadavia","rcp85","2085",1.97266476911921,3.90589130164295,9.82480089729074
"ROCHA","rcp45","2050",28.471545756801,32.2211238325294,35.0595749665536
"ROCHA","rcp45","2085",29.1285473848475,33.519544443725,50.5844184236184
"ROCHA","rcp85","2050",25.0145649146523,28.7754594437215,31.9059364758168
"ROCHA","rcp85","2085",13.920584896191,23.2877584246955,40.9029830782429
"ROSARIO","rcp45","2050",27.7807762214325,29.9445171192192,35.1518808977453
"ROSARIO","rcp45","2085",27.0647752106174,31.3693987405771,46.4360471536311
"ROSARIO","rcp85","2050",24.2724540629678,26.969683493717,30.4407898634086
"ROSARIO","rcp85","2085",15.5343098846638,23.8167482617205,40.6443188780056
"SALGADO FILHO","rcp45","2050",5.91885036045255,6.56122495062084,9.66556361614016
"SALGADO FILHO","rcp45","2085",5.62499689555989,8.04294576303118,18.8306700033027
"SALGADO FILHO","rcp85","2050",3.96759996068027,5.02571474819581,7.02074121349472
"SALGADO FILHO","rcp85","2085",1.00957865342475,3.01741576963974,10.6561517924529
"SALTA","rcp45","2050",11.9556078765561,16.3775290732577,19.2947175032728
"SALTA","rcp45","2085",11.0772895502953,16.6891640201275,25.7620156601664
"SALTA","rcp85","2050",10.2682451108258,12.9614975708369,16.8024184106994
"SALTA","rcp85","2085",4.90750371397974,9.07164031996649,17.3750278641096
"SAN CARLOS DE BARILOCHE","rcp45","2050",83.7559078490401,84.4496372624399,84.9847655443432
"SAN CARLOS DE BARILOCHE","rcp45","2085",84.4940439705006,84.8817435994451,85.524482385087
"SAN CARLOS DE BARILOCHE","rcp85","2050",83.8533632675617,84.6960757105953,85.5088152146217
"SAN CARLOS DE BARILOCHE","rcp85","2085",83.7567196179371,85.1246744986765,86.096769048077
"SAN JUAN","rcp45","2050",28.4254100558733,36.1656339298843,44.3251698460726
"SAN JUAN","rcp45","2085",29.8256486430837,38.2193746616103,52.5281106170914
"SAN JUAN","rcp85","2050",25.5741491667955,33.347526851654,42.9521276249689
"SAN JUAN","rcp85","2085",17.2537477801536,28.2020392259982,45.5541783954613
"SAN JULIAN","rcp45","2050",83.1473313774923,84.256197492984,84.8220001440943
"SAN JULIAN","rcp45","2085",83.5173358991365,84.7398289902308,85.6062109859954
"SAN JULIAN","rcp85","2050",82.9717924598583,84.1328951396476,84.7271797856627
"SAN JULIAN","rcp85","2085",80.2584268748296,82.6499910566727,85.8471355512547
"SAN LUIS","rcp45","2050",24.2137969096557,28.5092856044555,35.0907186695567
"SAN LUIS","rcp45","2085",25.2709569778215,31.230710586241,49.1952745340213
"SAN LUIS","rcp85","2050",21.7776535419466,25.913978183514,30.8132201756944
"SAN LUIS","rcp85","2085",17.9009673820474,20.9344341626552,40.2035137355415
"SAN RAFAEL","rcp45","2050",39.32264098313,45.3964180692426,52.9367819487916
"SAN RAFAEL","rcp45","2085",39.9445277969476,48.4462890248674,63.0111072683794
"SAN RAFAEL","rcp85","2050",36.7568648513206,42.7057527406573,49.3368934938154
"SAN RAFAEL","rcp85","2085",29.9626768298476,37.3906032130253,53.713002479325
"Santa Juana","rcp45","2050",3.02786115439173,7.00323804428319,11.0738433143495
"Santa Juana","rcp45","2085",3.03883323627224,7.03602523819836,15.5271460258236
"Santa Juana","rcp85","2050",1.91288616145022,4.59279750651239,8.00970338090315
"Santa Juana","rcp85","2085",0,1.01050367505037,6.04755678213917
"SANTA ROSA","rcp45","2050",46.7345270029823,50.6370317245423,54.2473181838604
"SANTA ROSA","rcp45","2085",49.1061462030866,51.7080526856889,65.6613971976685
"SANTA ROSA","rcp85","2050",43.573629058862,47.2199069515864,51.1434925068124
"SANTA ROSA","rcp85","2085",37.52247481299,43.2405690420287,60.4673823740677
"Santa Rosa Aero","rcp45","2050",50.8864312140881,53.9355050248732,58.4768651094664
"Santa Rosa Aero","rcp45","2085",52.299412249673,55.333137456817,68.7107097701223
"Santa Rosa Aero","rcp85","2050",46.585954957809,51.3054001673872,55.2745378590862
"Santa Rosa Aero","rcp85","2085",41.1418276680188,47.2160172343019,64.8098936658644
"SANTAREM","rcp45","2050",0,0,0
"SANTAREM","rcp45","2085",0,0,0
"SANTAREM","rcp85","2050",0,0,0
"SANTAREM","rcp85","2085",0,0,0
"SANTIAGO DEL ESTERO","rcp45","2050",6.95123672145797,11.1023732279046,12.133819480011
"SANTIAGO DEL ESTERO","rcp45","2085",7.87058829922256,12.829056124622,23.308073299203
"SANTIAGO DEL ESTERO","rcp85","2050",7.17407149503947,9.47398462437036,11.4151436684813
"SANTIAGO DEL ESTERO","rcp85","2085",3.99460234747391,6.86246159203108,16.8296680193257
"Santo Domingo Ad.","rcp45","2050",40.7572099242861,53.6253565388643,61.4409763586182
"Santo Domingo Ad.","rcp45","2085",40.2492535229139,53.3974332139173,69.8079013118841
"Santo Domingo Ad.","rcp85","2050",33.9535185856948,47.822184360356,57.0823138126543
"Santo Domingo Ad.","rcp85","2085",19.0153773823997,36.0985177075931,53.1029459108231
"SANTOS DUMONT","rcp45","2050",0,0,0
"SANTOS DUMONT","rcp45","2085",0,0,0
"SANTOS DUMONT","rcp85","2050",0,0,0
"SANTOS DUMONT","rcp85","2085",0,0,0
"SAUCE VIEJO","rcp45","2050",19.4914707826642,22.0210039146532,25.7266408899552
"SAUCE VIEJO","rcp45","2085",19.5536340270094,23.3263701134006,39.0713904557651
"SAUCE VIEJO","rcp85","2050",17.4401429940176,19.3361542788471,22.2210289341583
"SAUCE VIEJO","rcp85","2085",10.9570849558959,17.060920878409,30.5539651055647
"SILVIO PETTIROSSI INTL","rcp45","2050",0.886970403328064,1.01465816419463,2.00975395863337
"SILVIO PETTIROSSI INTL","rcp45","2085",0.88538965855173,1.65903744622128,4.8296776958
"SILVIO PETTIROSSI INTL","rcp85","2050",0,0.995807420110623,1.54902704871847
"SILVIO PETTIROSSI INTL","rcp85","2085",0,0,1.93236886631718
"SIMON BOLIVAR INTL","rcp45","2050",0,0,0
"SIMON BOLIVAR INTL","rcp45","2085",0,0,0
"SIMON BOLIVAR INTL","rcp85","2050",0,0,0
"SIMON BOLIVAR INTL","rcp85","2085",0,0,0
"Talca U.C.","rcp45","2050",58.9010211484469,65.7675776877859,72.6956387211721
"Talca U.C.","rcp45","2085",59.0938622851008,66.9993574236623,77.4684088984886
"Talca U.C.","rcp85","2050",54.8537319491888,61.5104209673664,68.5055840295117
"Talca U.C.","rcp85","2085",42.9513996586168,53.6372419605457,68.1021507624187
"TANDIL","rcp45","2050",58.6092964229947,62.6458489202165,67.8630899229993
"TANDIL","rcp45","2085",59.7414038732693,63.6963014184676,75.9255724461686
"TANDIL","rcp85","2050",55.6043294498768,60.5807091783136,62.7978115498045
"TANDIL","rcp85","2085",45.2982894076813,55.5229082987407,69.3735108722485
"TENIENTE ALEJANDRO VELASCO ASTETE INTL","rcp45","2050",2.89799895480428,10.5816805875852,28.7359114870223
"TENIENTE ALEJANDRO VELASCO ASTETE INTL","rcp45","2085",2.70632560140351,12.0016167628521,32.0803955895981
"TENIENTE ALEJANDRO VELASCO ASTETE INTL","rcp85","2050",1.01285130131225,5.59803173966895,22.7532595869525
"TENIENTE ALEJANDRO VELASCO ASTETE INTL","rcp85","2085",0,1.09339417300623,13.1272270507365
"Teniente Vidal Coyhaique Ad.","rcp45","2050",86.1259913247859,86.9473603554979,87.7561124340173
"Teniente Vidal Coyhaique Ad.","rcp45","2085",86.4590707247789,87.610395299198,88.5138189997597
"Teniente Vidal Coyhaique Ad.","rcp85","2050",85.8025722898201,87.4136114542871,88.4302025028755
"Teniente Vidal Coyhaique Ad.","rcp85","2085",87.2581052822661,88.1555932845185,89.4347230956155
"Torres Del Paine","rcp45","2050",82.8196139773481,83.7738513551267,84.5955364063084
"Torres Del Paine","rcp45","2085",82.7912735579957,84.2076507709398,85.5512950845077
"Torres Del Paine","rcp85","2050",83.358115001105,84.4025168728949,85.1038473434437
"Torres Del Paine","rcp85","2085",83.7688850209561,84.9053581627923,85.702291653799
"Traiguen","rcp45","2050",76.7706426116747,81.7953685516241,84.6436415634344
"Traiguen","rcp45","2085",77.7751495399298,81.649584089213,89.3791324897902
"Traiguen","rcp85","2050",75.0473223250092,78.7473922414511,82.888741116476
"Traiguen","rcp85","2085",66.488516112036,73.4761855427787,85.6435102863641
"Trelew","rcp45","2050",66.5641094197345,69.5746884732162,72.5225996466575
"Trelew","rcp45","2085",67.2468404354349,71.3499377627868,78.0077436925058
"Trelew","rcp85","2050",63.5813200139937,67.4215833120888,70.9593630584791
"Trelew","rcp85","2085",60.7409965377501,63.888160272194,74.5885466256168
"TTE AV JORGE HENRICH ARAUZ","rcp45","2050",0,0,0
"TTE AV JORGE HENRICH ARAUZ","rcp45","2085",0,0,0
"TTE AV JORGE HENRICH ARAUZ","rcp85","2050",0,0,0
"TTE AV JORGE HENRICH ARAUZ","rcp85","2085",0,0,0
"VAL DE CANS INTL","rcp45","2050",0,0,0
"VAL DE CANS INTL","rcp45","2085",0,0,0
"VAL DE CANS INTL","rcp85","2050",0,0,0
"VAL DE CANS INTL","rcp85","2085",0,0,0
"Viedma","rcp45","2050",66.6819679275122,68.843747574083,71.1605106195129
"Viedma","rcp45","2085",67.3698185037297,70.1060095764624,79.3482620458371
"Viedma","rcp85","2050",64.0239879776555,67.3283698453188,69.3568764885695
"Viedma","rcp85","2085",58.9160931570432,63.3147021816039,74.6813984464352
"Vilcuya","rcp45","2050",33.1177477505798,41.4655637231817,48.8230623414235
"Vilcuya","rcp45","2085",29.8769996815382,41.820676735053,48.9893311599726
"Vilcuya","rcp85","2050",28.107245693298,37.2232853098922,45.4217554814871
"Vilcuya","rcp85","2085",17.0841003828073,29.8250340903539,43.1417387397513
"VILLA REYNOLDS","rcp45","2050",34.1217881312059,37.0199195322284,42.1913809687721
"VILLA REYNOLDS","rcp45","2085",36.3895129900939,38.9328564306452,56.0108110121719
"VILLA REYNOLDS","rcp85","2050",30.4034932889399,34.9605184672428,39.2548424325732
"VILLA REYNOLDS","rcp85","2085",26.802499972523,31.1366603511483,48.3613155465519
"VIRACOPOS","rcp45","2050",0,0,0
"VIRACOPOS","rcp45","2085",0,0,1.00861840622474
"VIRACOPOS","rcp85","2050",0,0,0
"VIRACOPOS","rcp85","2085",0,0,0
