"","station_name","Elevation","Latitude","Longitude","CTRY","X1981","X1985","X1989","X1993","X1997","X2001","X2005","X2009","X2013","X2017","rcp45_2050_pessimistic","rcp45_2050_intermediate","rcp45_2050_optimistic","rcp45_2085_pessimistic","rcp45_2085_intermediate","rcp45_2085_optimistic","rcp85_2050_pessimistic","rcp85_2050_intermediate","rcp85_2050_optimistic","rcp85_2085_pessimistic","rcp85_2085_intermediate","rcp85_2085_optimistic","CLIMATE","CLIMATE_name"
"1","Adolfo Matthei",55,-40.5883,-73.1069,"CI",85.8327550231832,86.3863542446579,86.2219530622924,85.823687718057,86.1632311759349,85.9103410811131,87.1384877231749,86.4840073195719,86.893954258846,86.6974329551049,81.3868390246377,82.721276382209,83.6577252635683,81.5786427387034,82.4866112685195,85.1893447702144,79.5449572181854,80.5959255908929,82.353745576142,72.5740272261577,75.8035520826033,80.930588034622,"11","Cool Sub-Tropics
(Winter Rainfall (WR))"
"2","AEROPARQUE JORGE NEWBERY",5.5,-34.559,-58.416,"AR",44.335031675892,43.6379467267634,44.7831695319483,41.8646359217605,39.7135842754219,40.5091398448257,40.4158259989454,39.0261267067872,37.3333601056308,34.2448964908508,27.3013686196506,29.396534560658,31.1846289153087,27.5421445582778,29.5858533834926,32.5015944395425,23.1962776680167,25.6756225582576,27.8226099758949,14.16492543096,19.748589423149,28.4443552680017,NA,NA
"3","AFONSO PENA",910.7,-25.528,-49.176,"BR",19.0472136148996,20.2139931774835,18.363725499413,18.0441063764366,16.7949507391586,14.4518800356639,15.3490222708363,16.852095275392,17.4401048275877,19.0054625960222,5.26212291793759,6.04254370840812,7.01390353333794,4.95261299446927,6.97130933955191,8.48221405727136,3.78239901264064,5.25405214198526,5.97803271905213,1.23525392757117,3.02759543546955,3.81417035537814,"19","Warm Moderately Cool
Sub-Tropics (SR)"
"4","ALFONSO BONILLA ARAGON INTL",963.8,3.543,-76.382,"CO",0,0,0,0,0,0,0,0,0,0,0,0,0,0,0,0,0,0,0,0,0,0,"1","Warm Tropics"
"5","ALFREDO VASQUEZ COBO",84.4,-4.193,-69.943,"CO",0,0,0,0,0,0,0,0,0,0,0,0,0,0,0,0,0,0,0,0,0,0,"1","Warm Tropics"
"6","Alicahue",750,-32.3408,-70.7528,"CI",52.9014684863832,52.5397150036333,53.9439862207146,49.777693123435,50.8770112326592,51.2134453153403,50.8538515522669,49.9608353721113,50.9040697305982,51.2089731237579,36.2669678486769,39.2526964149549,42.6228910834812,36.0416086458625,40.8666349864411,45.4357453914972,31.6955452154752,34.6106796102918,39.3456520368083,21.2084113351998,28.2115513650526,36.1901458773083,"11","Cool Sub-Tropics
(Winter Rainfall (WR))"
"7","ALMIRANTE ZAR",43,-43.211,-65.27,"AR",74.811071613628,74.345191151674,73.170759783131,70.6719932626906,69.7631198223303,69.3240302634767,71.0157885904382,70.0990342183168,69.0438786391633,67.5672539590578,67.4666903436919,68.6241718723904,69.7417619736891,67.908878851755,69.3782457648795,71.686911464645,65.3386359922389,66.2153567370947,68.0337213814386,59.7930863007698,61.7286742710812,67.1839946463725,"11","Cool Sub-Tropics
(Winter Rainfall (WR))"
"8","AMBROSIO L V TARAVELLA",488.9,-31.324,-64.208,"AR",33.9354838282388,33.5922854024761,33.0494373666097,32.6451779613762,32.2017453327505,31.3912806864837,30.8352100333573,29.9983469340127,29.5421468647319,29.5027370463281,22.5199437551616,23.6684435033367,26.0732376776424,23.1760230893007,25.6971311980742,30.9593837341502,20.4332170687829,21.8885703275209,24.5080919111232,14.0410728723389,18.7796658164823,24.961604714365,"7","Warm Sub-Tropics
(Summer Rainfall (SR))"
"9","ARTIGAS INTL",128,-30.401,-56.508,"UY",20.9021020104763,21.66179846518,21.9849619616623,21.755441776148,20.1949986382842,19.9608343179757,20.8290258471466,20.9355073337582,21.2801426064648,20.6488988048495,13.1821038882327,15.5267731531692,16.2621376367335,14.7429576362312,15.7507715635802,17.35529844765,10.9459613185755,13.3023602822572,14.4431218706105,6.89516405137745,8.92933145469192,13.3020861551263,"15","Transitional Moderately
Cool Sub-Tropics (SR)"
"10","ARTURO MERINO BENITEZ INTL",474,-33.393,-70.786,"CI",63.7280850659517,62.3610479546142,61.3108870940032,56.536151367271,54.9893494620528,56.2126913284551,55.5684482700362,54.2709632519154,53.4848964431596,51.4310948085504,39.3602300164073,45.6330263140744,48.6461960199795,41.041194250353,47.3343091133938,52.0518356669795,36.0677815264751,39.8444408478993,45.5705018556038,24.3881143753156,32.2736915675905,43.1757849706838,"11","Cool Sub-Tropics
(Winter Rainfall (WR))"
"11","Ascasubi",22,-39.38,-62.62,"AR",69.5398475263291,69.8761115548184,69.7863235565505,69.0674045612575,69.2526111213032,69.4668705266613,68.8968952475707,67.7683403827732,66.4165071303332,65.4643447030189,62.4550734816687,63.4081965146634,64.8019128915682,62.9689288075441,64.7105038124291,67.6030191380182,59.093585538546,60.8258769998229,62.6977924544533,52.8094934479533,57.1342604015999,62.3162002885038,"9","Cool Sub-Tropics (SR)"
"12","Azapa",365,-18.5156,-70.1806,"CI",4.01161072317478,5.0156560338007,5.01466507869344,5.02118386030187,3.99970063461194,4.00401866655065,4.80676057873507,3.92260089581589,3.01884065374099,2.02031003773959,0,0,0,0,0,0,0,0,0,0,0,0,"11","Cool Sub-Tropics
(Winter Rainfall (WR))"
"13","BALMACEDA",524.9,-45.916,-71.689,"CI",78.8743459435582,78.2577453673866,77.9392606346928,79.6800960375258,78.8531360055531,78.6409586226655,78.6882750812492,79.1755082446598,79.8581101961827,80.6870327533898,81.5988491231662,82.1812458601235,82.9330284134721,82.1196687907168,83.3056636650581,84.1527343436159,82.6231180425017,83.0430797950539,83.6352017319451,84.6664884079289,85.7585029194606,86.3553441062192,"13","Cool Temperate"
"14","Balmaceda Ad.",517,-45.9128,-71.6942,"CI",77.8341766091098,77.8124178173857,77.605247929394,78.9351849321984,78.504092753933,78.7914443206737,78.6769043549837,79.8458741782502,79.9005266191843,80.6868958549458,80.9843352511693,81.8004707338375,82.6481596001013,81.4148021427733,82.83028085054,83.5112637779794,82.1260555120683,82.7520083756817,83.4631418148683,84.3578636351645,85.4284009699742,85.9816532394033,"13","Cool Temperate"
"15","Bernardo O'Higgins Chillan Ad.",151,-36.5872,-72.04,"CI",80.1741407342588,79.9736646804895,80.1576229729817,78.3344914461322,78.3068745231376,78.9256322481374,80.1488198888746,79.8365717791812,79.9598075641115,78.9677235331956,68.5310407606642,70.8590070242044,74.5314655018144,69.7313846988624,71.7340076450915,77.0568747417866,65.5548275637263,67.5765587547321,71.1401582808638,56.1810369286931,62.2962576456448,69.6871172872198,"11","Cool Sub-Tropics
(Winter Rainfall (WR))"
"16","BOA VISTA",84.1,2.846,-60.69,"BR",0,0,0,0,0,0,0,0,0,0,0,0,0,0,0,0,0,0,0,0,0,0,"1","Warm Tropics"
"17","CAMPO GRANDE",558.7,-20.469,-54.673,"BR",0,0,0,0,0,0,0,0,0,0,0,0,0,0,0,0,0,0,0,0,0,0,"19","Warm Moderately Cool
Sub-Tropics (SR)"
"18","Canal Bajo Osorno Ad.",61,-40.605,-73.0608,"CI",87.3573779911439,87.5374804733374,87.6693095044618,87.0359097409082,86.4984070065184,86.6935038147967,86.7276679148617,86.8468722194584,86.60670216162,86.1062657721595,81.2973259050599,82.465845752,83.514726375024,81.2564964559903,82.5622582442138,85.3719977303504,79.3085001817683,80.1581751294434,82.3778129800505,71.6151768382584,75.3023677595093,80.5864467705427,"11","Cool Sub-Tropics
(Winter Rainfall (WR))"
"19","CAP FAP DAVID ABENZUR RENGIFO INTL",156.4,-8.378,-74.574,"PE",0,0,0,0,0,0,0,0,0,0,0,0,0,0,0,0,0,0,0,0,0,0,"1","Warm Tropics"
"20","CAPITAN CARLOS MARTINEZ DE PINILLOS",32.3,-8.081,-79.109,"PE",0,0,0,0,0,0,0,0,0,0,0,0,0,0,0,0,0,0,0,0,0,0,"1","Warm Tropics"
"21","CAPITAN FAP GUILLERMO CONCHA IBERICO",35.4,-5.206,-80.616,"PE",0,0,0,0,0,0,0,0,0,0,0,0,0,0,0,0,0,0,0,0,0,0,"1","Warm Tropics"
"22","CAPT JOSE A  QUINONES GONZALES INTL",29.6,-6.787,-79.828,"PE",0,0,0,0,0,0,0,0,0,0,0,0,0,0,0,0,0,0,0,0,0,0,"1","Warm Tropics"
"23","CARLOS IBANEZ DEL CAMPO INTL",42.4,-53.003,-70.855,"CI",81.5258058649724,80.8487652878703,80.1485051698792,81.1013852454889,81.3336906234908,81.6034099551416,82.381077637071,83.1549089356013,83.6370979164165,83.9183314550264,85.8146577721112,86.6807625016172,87.4964306434997,86.2017584987125,87.4174056771863,89.1810688948267,86.752709391885,87.9984391489879,88.7838999048724,89.5249724295335,91.7443417293289,92.4371397640493,"13","Cool Temperate"
"24","CARRASCO INTL",32,-34.838,-56.031,"UY",48.3309498452854,47.9197522594284,50.6051181875032,49.0257177534768,48.5901875133582,48.175301061246,47.7551974940006,46.1064775886427,45.4183313476133,44.5098580016938,36.3789774375649,38.6735468029356,42.4648065020531,37.571711346843,40.7566364386266,43.6042201769549,31.7062771186501,35.0611175634731,37.2013722160963,22.9857964381306,28.8253359394578,34.2851517958949,"15","Transitional Moderately
Cool Sub-Tropics (SR)"
"25","Carriel Sur Concepcion.",12,-36.7792,-73.0622,"CI",75.1193123540347,75.3900201568483,75.3372573387596,72.7492140403419,73.3166913529808,74.4303551993362,75.8638638636858,75.6499424661952,74.9370962900239,73.2429938873188,62.3835692587483,65.0466022255468,67.8388355382762,62.2661988496441,64.5305569058246,72.0322871282401,57.8074612724527,60.5566825559688,65.1309245390843,45.6345005999047,51.3763982045502,61.0662258008208,"11","Cool Sub-Tropics
(Winter Rainfall (WR))"
"26","CARRIEL SUR INTL",7.9,-36.773,-73.063,"CI",73.2799514881474,73.3516634998396,72.9118323616176,70.5138206038173,71.0646099513647,71.3957468781418,72.9272725662495,72.9311869594039,72.3799085528317,70.0267360581274,60.5571738492623,63.3590989787558,66.4774260159293,60.6202612641467,63.1011539170959,70.2094347617432,54.7754629655789,59.1451949747188,62.8595982139479,45.3157187413049,49.48318815331,59.8179747049958,"11","Cool Sub-Tropics
(Winter Rainfall (WR))"
"27","CATAMARCA",463.9,-28.596,-65.752,"AR",19.9478236495243,18.5201803625455,18.4306864568727,17.6350516404359,17.3877417441595,15.9109411207173,17.8276685452715,15.9942186300896,16.1655984271449,15.5085611911734,7.93733352204976,9.55638714334896,11.6406550168057,9.41872605870478,11.4499305855423,14.0362580079065,6.99333229375347,8.2163352247328,9.80887564288789,3.89318938875776,6.00508598530328,9.40832322006463,"7","Warm Sub-Tropics
(Summer Rainfall (SR))"
"28","CATARATAS DEL IGUAZU",279.2,-25.737,-54.473,"AR",6.63536199781595,7.17728790637057,6.9309700073145,7.1092919900351,6.27751528925012,5.99175788436162,6.79614334174482,6.04037709314645,6.04939670320894,6.07316202154436,2.01436575014413,3.001501054562,3.66236272921346,2.68329725775444,3.09124381765798,4.50369913035704,1.89344635248563,2.02229661175841,3.00715971347298,0,1.00470471471567,2.00566997308015,"19","Warm Moderately Cool
Sub-Tropics (SR)"
"29","CATARATAS INTL",239.9,-25.596,-54.487,"BR",4.83145685290805,5.07773486170231,4.98914524323396,6.29800111268264,4.9861012133627,4.98478616163095,5.90640508849924,5.72992408542888,6.06626724006358,5.37246893303546,1.99350580147183,2.0188290001189,3.01397357751608,2.0078480553124,2.95970886213297,3.75486870903259,1.00643290435552,1.99962209744189,2.01813089597453,0,1.00011891875414,1.01755527855986,"19","Warm Moderately Cool
Sub-Tropics (SR)"
"30","CERES",88,-29.883,-61.95,"AR",24.1728267405683,24.2829491940165,25.2460764921839,25.4806901685265,25.2603285202645,24.3378045108348,24.3665668639725,21.3897046513302,20.2648750002531,19.1212493862865,14.4403003031421,15.3614171352024,17.7897692946049,15.2544731255698,17.0504676371238,19.4129874770623,12.6830824079996,13.8317834031039,14.8020406245116,8.47067881007604,11.6471889065708,13.3912903045938,"7","Warm Sub-Tropics
(Summer Rainfall (SR))"
"31","Cerro Calan",848,-33.395,-70.5367,"CI",59.2473236775068,57.6173363853968,56.1028818098903,53.4511668065061,53.3460164173298,51.7212604541746,51.9806516273075,50.6155478248056,52.0479625475236,50.99932275628,39.2000801826507,43.7846486637254,46.2803511855844,39.5718298238727,44.7934345306167,50.8039351981942,35.9080225755283,38.3321471597969,44.3031250465182,22.7441535687593,32.005082554123,42.883518781309,"11","Cool Sub-Tropics
(Winter Rainfall (WR))"
"32","Cerro Moreno Antofagasta Ap.",113,-23.4503,-70.4411,"CI",7.03081860669363,7.04660030360213,7.06878474038956,7.04174647159005,7.05291921193066,10.0493731533688,12.0912793749624,12.0744767082228,11.0677929300061,9.06123632050321,0,1.0004034388374,1.00395898610071,0,1.00111411500046,1.0112111973179,0,0,0,0,0,0,"11","Cool Sub-Tropics
(Winter Rainfall (WR))"
"33","CERRO MORENO INTL",138.7,-23.444,-70.445,"CI",7.04534854069243,8.02630505060301,8.05254247481901,7.85357862376304,8.04849492725077,10.0468948194298,13.0597272093419,12.9948507637391,12.0550118443432,11.0092258470988,0,0,1.00447924696814,0,0.958066557057776,1.00568145059755,0,0,0,0,0,0,"11","Cool Sub-Tropics
(Winter Rainfall (WR))"
"34","CHACALLUTA",50.9,-18.349,-70.339,"CI",0,0.998705304544302,0,0,0,1.00024785506631,1.0003344685052,1.00136396099469,0,0,0,0,0,0,0,0,0,0,0,0,0,0,"11","Cool Sub-Tropics
(Winter Rainfall (WR))"
"35","Chacalluta Arica Ap.",63,-18.3514,-70.3358,"CI",0,0,0,0,0,0,0,0,0,0,0,0,0,0,0,0,0,0,0,0,0,0,"1","Cool Sub-Tropics (SR)"
"36","Chile Chico Ad.",306,-46.5808,-71.6928,"CI",83.8919753686278,83.9403545648256,83.5831163051407,84.0346724031679,83.653786081911,83.5470112599305,83.9192788407199,84.3383439920908,84.5234738640361,84.397823194673,84.8822048743162,84.9886559378551,85.5413595437421,85.225571112834,85.5622647557557,85.9592777600081,84.8543841644087,85.0021381828137,85.6556911967823,83.348357388659,84.6481084281611,85.5111220214275,"13","Cool Temperate"
"37","Chiu-Chiu",2524,-22.3378,-68.6367,"CI",33.589712676895,33.0026994155733,30.6488294831747,31.064278752694,30.686614939319,32.8875384186717,33.3000721994491,33.34772960799,32.7091897825526,33.4006625444911,9.94512781232476,13.4574161712596,18.8689459013955,10.170154731756,16.7296301879196,20.6890618932101,5.96553904908993,9.41686218081193,14.0900597638422,1.00630282642544,1.94430478677656,5.61981135246217,"10","Cold Sub-Tropics (SR)"
"38","Cogoti Embalse",740,-31.0078,-71.0856,"CI",34.1105932659423,32.3108708918207,31.3616581437846,28.0259191018849,26.7264167991506,26.5748547755743,26.9631543620394,26.9735525297392,28.0142674488718,27.9709987635965,15.8806427014786,18.0348138458005,20.9520799097934,14.0174261515689,18.7790460119641,22.0426800573726,12.8456766670617,14.0961593592492,17.0900128028179,5.13204575588429,7.9777620615175,13.6738656028842,"11","Cool Sub-Tropics
(Winter Rainfall (WR))"
"39","Colorado",420,-35.6381,-71.2606,"CI",80.1384104967092,80.5685181749686,80.9174740328854,79.9179915657226,80.1723186857163,80.782609026026,81.7929467843896,81.5103007765247,81.425925901947,82.1154652661933,69.3391733141032,72.774730700281,74.9739855330555,69.0460146526767,73.611839018565,78.1489159087938,65.5337734833659,67.9374742075906,72.9331471540888,53.1445506440059,58.5430737810104,71.5180452543123,"11","Cool Sub-Tropics
(Winter Rainfall (WR))"
"40","COMANDANTE ESPORA",75,-38.725,-62.169,"AR",68.4882239831222,66.6540804604792,64.312889454719,60.3576958237818,58.9643364065805,59.8239863471576,61.1402975671926,60.9990464603743,60.1884629964243,58.2886886569495,54.5620390912684,56.2254430831381,58.2374421591249,55.2727720421899,57.686207967236,60.4873093760711,51.0319293179744,53.7836756071479,55.7576310623669,42.3729482993837,47.7791506908097,54.4137188329013,"9","Cool Sub-Tropics (SR)"
"41","COMODORO PIERRESTEGUI",34.1,-31.297,-57.997,"AR",25.615408903959,25.2760350872347,26.2704072076272,24.9600832221809,24.0502531391444,23.5153434928054,26.011723195842,26.4517475391826,25.4733761974701,23.9721702633492,16.7386153034158,18.2936336763383,20.0630387800028,17.9938727506013,19.5881334279638,21.0753690868283,15.2038569407518,15.9432146489455,17.8234976180546,9.94161312796278,12.8487004610047,15.6920957260295,"15","Transitional Moderately
Cool Sub-Tropics (SR)"
"42","COMODORO RIVADAVIA",57.9,-45.785,-67.466,"AR",79.6134218875861,78.2175915410462,78.0707092053217,75.8862567895703,75.5260304325288,76.375657879971,75.0076138878177,74.6843546856544,72.6938872987885,71.9283001357553,70.3218835691821,71.895210312583,73.2476382528296,69.768197777825,71.9094843282019,74.4588326179215,68.1832305542572,69.5383180397712,71.6129860837503,60.793671967148,62.7294422290956,69.8093732993991,"11","Cool Sub-Tropics
(Winter Rainfall (WR))"
"43","CONGONHAS",801.9,-23.627,-46.655,"BR",3.01703130982935,3.02056691961792,3.005073406625,3.00830109383679,2.00837575005849,1.0121623845659,1.01216005059365,2.00185931242117,2.01676657650452,2.01556561932517,0,0,0,0,0,1.00635901780305,0,0,0,0,0,0,"19","Warm Moderately Cool
Sub-Tropics (SR)"
"44","CORONEL CARLOS CIRIANI SANTA ROSA INTL",468.8,-18.053,-70.276,"PE",3.02299358282187,3.06007270499853,4.00588273982669,2.02387681398397,2.011074527804,2.33504854494836,2.93261764550971,1.01580467333173,0.999437776572421,0.998013615720623,0,0,0,0,0,0,0,0,0,0,0,0,"11","Cool Sub-Tropics
(Winter Rainfall (WR))"
"45","CORONEL FRANCISCO SECADA VIGNETTA INTL",93.3,-3.785,-73.309,"PE",0,0,0,0,0,0,0,0,0,0,0,0,0,0,0,0,0,0,0,0,0,0,"1","Warm Tropics"
"46","CORRIENTES",61.9,-27.446,-58.762,"AR",11.8538252854938,11.9680196607665,11.7218982713998,12.0731178639494,10.6268305215298,8.85037292718198,10.4692901900223,9.86333286217541,9.85797461950347,10.0240373613111,3.9839317302205,4.71554306906265,5.25621407369372,4.42839527039428,4.96193676096391,5.8126980014509,3.00713925239985,3.94801309146249,4.68169885336595,1.92182669007924,2.0159744246447,4.1894526380562,"19","Warm Moderately Cool
Sub-Tropics (SR)"
"47","DEPUTADO LUIS EDUARDO MAGALHAES",19.5,-12.911,-38.331,"BR",0,0,0,0,0,0,0,0,0,0,0,0,0,0,0,0,0,0,0,0,0,0,"1","Warm Tropics"
"48","Diego Aracena Iquique Ap.",52,-20.5397,-70.1786,"CI",0,0,0,0,0,0,0,0,0,0,0,0,0,0,0,0,0,0,0,0,0,0,"11","Cool Sub-Tropics
(Winter Rainfall (WR))"
"49","Digua Embalse",390,-36.2558,-71.5481,"CI",83.9729859593808,83.8818965738101,82.7512241055392,82.3798729939372,82.1452024221308,83.1144303673938,84.0654738971261,84.2580715426298,84.6136949277884,84.8002194383698,76.2754315212631,79.3166976486091,80.6147923677689,76.9539986575138,79.8276537527936,83.0503379301545,72.9612115595758,75.9779258725048,78.7163541323518,65.8725034936717,70.6101263207229,78.1809769132393,"11","Cool Sub-Tropics
(Winter Rainfall (WR))"
"50","Diguillin",670,-36.8686,-71.6425,"CI",80.959977496329,80.4983453367731,80.2584431691048,80.4471047578174,80.210659768529,81.2233125147188,82.406662854537,82.4698962834827,82.3358506601144,81.9010546934314,73.9156080999401,75.9485334982437,77.4321261914615,74.1466428272679,76.3703354738682,78.8725328541989,71.313837304838,73.5317144011515,76.0050012871042,63.2421774600551,67.8167780851919,75.1656641888367,"11","Cool Sub-Tropics
(Winter Rainfall (WR))"
"51","EDUARDO GOMES INTL",80.5,-3.039,-60.05,"BR",0,0,0,0,0,0,0,0,0,0,0,0,0,0,0,0,0,0,0,0,0,0,"1","Warm Tropics"
"52","EL ALTO INTL",4061.5,-16.513,-68.192,"BL",78.7796435504388,78.922408403394,77.5993367148076,77.3666460965742,77.0195477596371,75.855727846726,75.1762589979444,74.2770318903549,73.6385077069172,72.375453612769,66.4578701423745,67.3932872868572,70.6331525543962,65.8844855968902,68.7086636505755,71.6828643691285,61.6010963748352,63.9008689413772,67.4603170726901,45.7029208613558,55.7612408277528,60.0330003273452,"4","Cold Tropics"
"53","El Loa Calama Ad.",2293,-22.4989,-68.9072,"CI",34.7620753749356,34.5802304331637,33.3217437755034,33.1480258319393,31.3021109077586,31.0405205163684,31.0120265288733,27.9524703302004,28.8077363862872,26.3980007313105,7.28856135319166,10.1254615443472,14.6543048411107,6.59689623099101,13.0365972053597,15.7588146918071,3.4650229204259,6.89087844887763,9.7047660993955,0.0300821715131178,0.995775165516477,3.13082334526493,"11","Cool Sub-Tropics
(Winter Rainfall (WR))"
"54","EL PLUMERILLO",704.1,-32.832,-68.793,"AR",57.6111244807475,56.1020568306585,54.5137808260815,53.6599255058372,53.0551176995859,54.4502496875075,54.4574520303231,53.3925996389961,50.373561253009,50.6905715708367,39.4335680929107,42.8991769976692,47.7748786176562,39.0750810320702,45.8111535459678,49.0485387718942,36.6941112660402,39.4326422075628,43.8330260205195,25.7343089927551,32.6347788161775,37.60238126334,"17","Moderately Cool Sub-Tropics"
"55","EL TEPUAL INTL",89.6,-41.439,-73.094,"CI",88.9510184659539,89.6681422724741,89.3328773062622,88.5891585712634,87.8841784528613,88.1024308778017,88.6078876885203,88.7788708805092,88.0920073570414,87.370764546702,82.3092846757282,83.8344126651391,84.7823518597003,81.8524792312187,83.8060620326496,86.6428790915142,80.2943340440488,81.5732501910661,83.39376853922,73.0698306180921,76.1397765858428,82.1305804128802,"11","Cool Sub-Tropics
(Winter Rainfall (WR))"
"56","El Tepual Puerto Montt Ap.",85,-41.435,-73.0978,"CI",90.8358475081986,91.2608101340065,91.0936945439198,90.2171532748507,89.8437661355129,89.9539344650184,90.3999688625308,90.3884136351207,90.2966341571896,89.3788777308605,83.8937661491207,85.4486211454514,86.0697271385687,84.1566173297818,85.1576994337793,87.9668564452763,82.059528072601,83.4502913801613,84.8502665619372,75.8075409038142,79.167758532285,83.3008122404669,"11","Cool Sub-Tropics
(Winter Rainfall (WR))"
"57","El Trapiche",300,-29.3731,-71.1181,"CI",30.6188918486148,32.1993117687625,35.35320293732,35.4865690523802,35.8730862933369,35.1260263293616,36.4405312295189,31.2922846039814,28.9331284691673,27.8925112835858,10.1868114639691,12.8752218359875,16.7305325782906,9.66815161122711,13.978264621448,18.7847717302676,7.03910908765186,9.01145466926141,10.7699822292847,1.00424517103164,3.00788620170113,6.77347177519048,"11","Cool Sub-Tropics
(Winter Rainfall (WR))"
"58","EL TROMPILLO",417.9,-17.812,-63.171,"BL",1.00389021469272,1.00913911438192,1.00216380045742,0,0,0,0.993670335512075,1.00124412899171,1.00029583443813,0.966536061620616,0,0,0,0,0,0,0,0,0,0,0,0,"1","Warm Tropics"
"59","ELDORADO INTL",2548.4,4.702,-74.147,"CO",28.6810540323713,26.6225283813992,23.5009049407308,20.2783903662989,18.2130127402461,20.2447627865749,17.3835693968358,15.7581124252074,12.3279209296604,8.9553090760844,0.0159716414696277,1.79704636261295,2.79726208235338,0,2.0187643324795,6.00353184803816,0,0,0.99627745820841,0,0,0,"16","Moderately Cool Tropics"
"60","ESQUEL",798.9,-42.908,-71.139,"AR",82.3057752302457,82.0771165295082,81.8893505589035,81.9481952587448,81.3769987829078,80.9634866272696,80.9088613898221,81.6373822098485,81.8051848004925,82.0621395253902,82.2923270619599,82.5982708741622,82.86837149425,82.6429744173331,83.3705175564014,83.9177156191018,82.3067954234424,82.7477565799418,83.258575293438,82.2178541389096,82.8618366711635,83.5353295464464,"13","Cool Temperate"
"61","Eulogio Sanchez Tobalaba Ad.",650,-33.4544,-70.5478,"CI",65.985330875068,65.0824534839521,64.5274134264696,61.2993896651806,58.8718617637323,59.6974107506371,59.5002846810487,58.5043526422342,58.4291294898781,57.572847728904,46.4310312022495,50.4710601198673,54.584878162349,47.1031101802004,53.4374678501385,59.15725740123,42.3709186000591,45.5991561684441,51.3320067583211,28.6728432666197,39.6503794340488,49.4829775852004,"11","Cool Sub-Tropics
(Winter Rainfall (WR))"
"62","FORMOSA",59.1,-26.213,-58.228,"AR",6.54708518859672,6.04492495245063,5.81584117228488,6.00262166249672,5.17752621083298,5.04205896525716,5.64003103153715,5.40397155385085,5.86291170918861,5.56033009972566,2.02889213849912,2.90159530530468,3.87906219012373,2.5039126785792,3.17310778187198,4.01257921545028,1.0126485635249,2.01064615539059,2.75421063760003,0.8374808194621,0.992065723753853,2.0102140293557,"19","Warm Moderately Cool
Sub-Tropics (SR)"
"63","Futaleufu Ad.",347,-43.1889,-71.8525,"CI",87.5110273110422,87.1549902475599,86.8741598107918,87.1663398152032,87.0422946375529,86.4777274799762,86.0964527951091,86.660119558027,86.6422979512354,86.9003986821408,86.9796280161162,87.3578942947042,87.8903460805963,87.4625545650783,87.9017107312716,89.1172542731529,86.8703020177247,87.6608912554148,88.0835764265782,86.5609142385982,87.4325549085079,88.4116993555519,"13","Cool Temperate"
"64","GALEAO ANTONIO CARLOS JOBIM",8.5,-22.809,-43.244,"BR",0,0,0,0,0,0,0,0,0,0,0,0,0,0,0,0,0,0,0,0,0,0,"1","Warm Tropics"
"65","General Freire Curico Ad.",225,-34.9664,-71.2167,"CI",79.758378061181,78.8355809100958,79.4984094553997,76.3454748642134,76.6805964501514,77.4725498063435,77.6768418423628,77.9647482013984,76.640327582797,75.8518100272227,64.8778476640873,68.1026179551332,70.3041200112274,63.8044828761241,69.1289478110302,75.6183300283855,60.1596094565998,62.8843237161818,69.1518644010316,47.2571712234729,52.956489709276,67.2837376255409,"11","Cool Sub-Tropics
(Winter Rainfall (WR))"
"66","GENERAL URQUIZA",74.1,-31.795,-60.48,"AR",35.7965139279653,34.9843713127889,35.4538779779314,34.735577088763,32.5636388640587,32.5328279990517,33.5832467597884,32.5117615660938,32.2597807642135,30.8316073029432,20.1129304377661,22.1289138182103,24.1687295716143,22.4051134590726,23.3070841808787,26.973199281832,18.0936799850439,19.5292893160236,21.4419693781575,12.4303894562141,16.176140275202,20.1982878180041,"15","Transitional Moderately
Cool Sub-Tropics (SR)"
"67","GOBERNADOR CASTELLO",6.1,-40.869,-63,"AR",73.0055572279894,73.8080462369871,74.3326761434428,72.7937699440727,72.2868138699033,70.975938948478,70.07848570023,68.8895405477388,66.3799412198496,65.4993016489707,62.9459316969976,64.5320528692374,65.879114722598,64.2876123042943,64.9767103719823,68.3120927014887,60.6954764262084,62.2023345646058,63.6261402601188,54.6077238201502,58.0747949325314,62.7406846006187,"9","Cool Sub-Tropics (SR)"
"68","GOIABEIRAS",3.4,-20.258,-40.286,"BR",0,0,0,0,0,0,0,0,0,0,0,0,0,0,0,0,0,0,0,0,0,0,"1","Warm Tropics"
"69","GUALEGUAYCHU",22.9,-33.01,-58.613,"AR",38.3660791557375,35.6126118875036,37.0123472241658,34.3425113875501,34.0703955460522,32.9367936682174,36.7359434752452,36.1001248249868,34.8933620840417,35.2414342525897,24.5549465845434,26.0146236940117,28.2885510047003,26.0843485193562,28.3280923828129,30.6276141049539,21.0664197668361,23.1631800060238,25.8841509940268,15.3375387257153,19.3158618073817,24.8776288581906,"15","Transitional Moderately
Cool Sub-Tropics (SR)"
"70","HERCILIO LUZ",6.1,-27.67,-48.547,"BR",2.00444526777687,2.01102026294308,2.01576228725463,2.78353553301064,2.01343929397473,1.68841111828687,1.01280020728234,1.01242930083737,1.97316769958445,1.96557116928608,0,0,0,0,0,0,0,0,0,0,0,0,"19","Warm Moderately Cool
Sub-Tropics (SR)"
"71","HEROES DEL ACRE",271.9,-11.04,-68.783,"BL",0,0,0,0,0,0,0,0,0,0,0,0,0,0,0,0,0,0,0,0,0,0,"1","Warm Tropics"
"72","Hurtado",1100,-30.2867,-70.6961,"CI",29.7281707138559,30.6511226289576,30.1455847142961,27.360516998448,25.2146758057926,23.3949986587372,23.413835229876,22.3629993332274,22.616822020198,23.9941917240634,13.33855701883,15.1013001266574,17.5390057060589,11.2845045054635,14.2260788416029,16.4027005471126,10.8104876418918,11.8399903405287,14.3852344476606,5.2366400953563,6.76399158502784,8.93469536567236,"1","Cool Temperate"
"73","Illapel Dga",290,-31.645,-71.1908,"CI",47.4264714252058,46.7010867448303,47.543183780042,42.9572361215867,42.3614743702174,41.8741260792085,41.2771370222031,40.7920481775468,41.5049810670016,40.6717547700468,23.8927177242169,26.8718064541129,30.8686733647323,20.0413690773607,28.0676443343727,33.5357848343076,18.0481112405256,21.2967052857471,25.6167925012595,7.9168933285733,11.6766652938245,21.3770444632783,"11","Cool Sub-Tropics
(Winter Rainfall (WR))"
"74","JORGE CHAVEZ INTL",34.4,-12.022,-77.114,"PE",0,0,0,0,0,0,0,0,0,0,0,0,0,0,0,0,0,0,0,0,0,0,"11","Cool Sub-Tropics
(Winter Rainfall (WR))"
"75","JORGE WILSTERMAN",2548.1,-17.421,-66.177,"BL",3.88547435204123,3.58056807137916,2.54599465632691,1.69588873947436,1.55808276282265,1.01611609695536,0.968686960916784,0.979549598792687,0.995296557865828,0.723128530817348,0,0,0,0,0,0,0,0,0,0,0,0,"3","Cool Tropics"
"76","JUJUY",920.2,-24.393,-65.098,"AR",20.5385201579861,19.3407647379594,18.6764421196362,18.8694243351829,17.5991991847674,17.1018036126029,18.0702383350852,17.0289889793294,17.0793449588809,15.8940884708197,8.15615660210534,9.89879563727197,11.0321112841886,9.18011521975347,10.5913497947397,13.0879822471837,6.94508976923597,8.01502228504955,9.45467633406679,3.04625968702131,4.99231209895635,7.72031881471444,"7","Warm Sub-Tropics
(Summer Rainfall (SR))"
"77","JUNIN",79.9,-34.546,-60.931,"AR",53.9952861021566,52.5739170031657,53.1379443467749,51.2161136815913,49.6702010987407,49.5819331983673,49.9997810843588,49.2934882154173,47.7393526795772,46.9174244398723,39.3580276919406,41.7606064446281,43.9214761292066,40.5055594962768,42.9805902398546,46.6538708396685,34.9254330819689,37.7965292336548,40.7821748552678,28.5457788411193,34.0789750380657,40.9882030057485,"15","Transitional Moderately
Cool Sub-Tropics (SR)"
"78","LA FLORIDA",146.6,-29.916,-71.2,"CI",50.1814237040107,52.4166619144034,54.8168917986468,53.928796480187,55.3973514306887,55.9836864444833,57.7731823187814,55.6980148203575,55.6358029725811,52.4247359153387,25.3993107695141,29.9957664029803,36.1910045990028,23.3602986366075,33.1215769848104,38.7312429869663,18.7196688827755,23.0260391570212,26.9948877683526,5.22211455475677,9.06030078840718,19.7672159747192,"11","Cool Sub-Tropics
(Winter Rainfall (WR))"
"79","La Florida La Serena Ad.",142,-29.9175,-71.2011,"CI",55.2304078543452,56.4105999257354,58.7202036538511,58.2743982515785,59.4112011527477,59.7870219482038,63.350175545962,60.8386278703529,60.7264333715402,58.173316510542,30.4091707487842,33.9728681485608,40.4621604167257,27.5212959140298,36.2420518808747,42.3125943516847,22.6349396653261,27.0320440510077,31.0353029905975,6.36330679410224,12.0239368967932,22.8879197410804,"11","Cool Sub-Tropics
(Winter Rainfall (WR))"
"80","La Ortiga",1560,-30.1939,-70.4819,"CI",35.7717440301285,34.7267923314494,31.1424159898593,29.1595091860872,28.4502197615088,28.0887898469573,30.3449309004909,27.4863394191811,28.0944956204107,26.8795524345173,17.0878302087995,18.9011462343631,22.4893657100839,14.1049269924265,16.4398789154108,20.2259615419131,14.9384171045364,15.3612841760241,18.5609433227544,7.61872163194327,9.54271666664465,12.375024564105,"11","Cool Sub-Tropics
(Winter Rainfall (WR))"
"81","LA RIOJA",437.7,-29.382,-66.796,"AR",26.1384024333065,23.975881220772,22.4942093385903,20.7540380265764,19.9589443705172,20.1036434884384,21.8933370343204,20.7314758638854,21.6338142735581,21.6227016369926,9.74086739927768,13.5843814086709,15.7099826118654,10.840131603989,14.8455199835082,16.9353822357309,8.59911269647861,10.6341306957895,12.4801149791962,4.28230751326607,7.53137125839874,11.2717505136645,"1","Warm Tropics"
"82","La Tranquilla",1000,-31.9,-70.6706,"CI",39.9541873276312,37.1991946018225,35.0921975871815,31.3806992275622,31.200188610735,31.161082247495,31.5374798678185,29.2164955494309,30.0376580795341,30.0588981790133,20.0931380110334,23.5627507093045,26.6330559413111,20.0042933034953,22.7856266825056,25.7802972797573,17.9520814383947,19.8354348597877,23.6271970226312,9.80205486203688,13.3903422055009,16.6961113220162,"12","Cold Sub-Tropics(SR)"
"83","Lago Peuelas",360,-33.145,-71.5553,"CI",72.5965214531375,71.1702049290357,69.8730933794022,66.129851296691,65.8053961990317,66.8771380972084,69.6576839571444,70.1049735400534,70.1817584106398,67.9722550917086,54.6890669957913,57.4614963582135,58.8225134228867,53.0124422387577,58.0924052916876,63.3328476870561,48.1530451221025,51.9269821891926,56.5481607570974,36.501821767423,41.7486840309398,53.9713571681008,"11","Cool Sub-Tropics
(Winter Rainfall (WR))"
"84","LAGUNA DE LOS PATOS INTL",21,-34.456,-57.771,"UY",43.5727945108438,40.8836529973059,43.0819550515689,40.2771330004405,39.520939293373,42.3840780744258,44.6246091298126,46.9800084819108,46.335903186563,43.1260876931246,29.7174656075413,31.9410534610161,35.1700118179846,30.6570663504428,32.4105796383822,37.3469170110771,24.9275567388507,28.1337905789669,30.6000925042582,17.016222885011,21.9318802707223,30.6165696099192,"15","Transitional Moderately
Cool Sub-Tropics (SR)"
"85","Las Ramadas",1380,-31.0181,-70.5858,"CI",38.3083083625661,36.9691617687372,37.3895809938349,33.4907816949381,32.7017508387421,31.3834721841156,30.7200892407975,28.7720903853524,28.9727869528264,28.5836464679749,18.756093731898,22.4977276195239,25.3975715399979,16.7032006930287,20.5834111852796,23.7067019812991,15.5312040677056,17.7008885967124,22.0677402930957,9.00740930628725,11.904389038466,14.8786463881831,"11","Cool Sub-Tropics
(Winter Rainfall (WR))"
"86","Lautaro Embalse",1110,-27.9783,-70.0033,"CI",4.99114890527983,5.24376500695377,5.17706992581486,4.75559386040911,4.13477232776734,4.50167671631471,4.37224562568338,4.25177793471175,4.40625578763485,4.13964571843991,1.00456757205788,1.24858912440135,1.88239391388422,1.00269802199106,1.55093666697337,1.95224725917492,0.944621134330993,1.00191588067354,1.01538086270688,0,0,0.801553838564911,"11","Cool Sub-Tropics
(Winter Rainfall (WR))"
"87","Lliu-Lliu Embalse",260,-33.0986,-71.2144,"CI",63.0346719431154,60.9442804258211,60.9822321727042,56.4795914106445,55.6717889490174,55.5982310563978,54.9693464374213,53.8530201677486,54.3370320170498,53.6674109763289,33.6575445108808,39.7888432679838,43.384774959769,33.2307639112407,39.9282317629791,47.1090430567592,29.3185934886582,33.9926704636048,39.3079741443404,17.866904199517,24.777940572058,31.4596384889275,"11","Cool Sub-Tropics
(Winter Rainfall (WR))"
"88","LONDRINA 2",569.1,-23.334,-51.13,"BR",1.00589810585323,1.00749662463618,1.00379874617053,1.00448981001914,1.00650806492368,1.00249004892322,1.00548092760783,1.00355362536135,1.00551195420709,1.00996027883969,0,0,0,0,0,0,0,0,0,0,0,0,"19","Warm Moderately Cool
Sub-Tropics (SR)"
"89","Lord Cochrane Ad.",204,-47.2439,-72.5864,"CI",78.456688649514,78.652230156963,78.0566788523938,79.2505424716182,78.0895985356942,78.9520473643006,79.6964446130314,81.0395230687936,81.1047762834332,81.6660048716058,83.4305593884729,84.0092431565372,84.5752958163746,83.7783452417134,84.87512375909,85.7426921504345,84.0203413520342,84.8501576563012,85.7027686529329,86.5874064329371,87.4812909470911,87.788954029188,"13","Cool Temperate"
"90","Los Condores",190,-32.1086,-71.3125,"CI",49.7698007712288,48.0673712940493,47.2075156132705,42.0923552142734,42.9848660120756,44.9328958766509,47.0767619907974,46.2318747260929,44.9351640928776,42.9040776301067,25.2976345091583,29.7670344505505,32.3346067949607,21.2433383047079,29.0358164622946,36.4491692033265,18.2579405848196,22.0928173139007,27.520537535487,8.03193176768643,12.0349126415865,21.484013999978,"11","Cool Sub-Tropics
(Winter Rainfall (WR))"
"91","Los Panguiles",190,-33.4386,-71.0256,"CI",65.8507416787215,63.796468341656,63.6836747785178,59.3113048936102,59.5170959116103,59.9017687705432,61.1494900996836,60.9739875550554,60.3044084333856,61.2308161467417,42.420201474526,46.8972654227728,50.0607316239407,41.7392444954941,48.5726310396285,55.054673708902,37.230766222099,41.6621878911824,46.7388228207027,25.1382286357826,30.9857629424391,44.0682672544355,"11","Cool Sub-Tropics
(Winter Rainfall (WR))"
"92","MALARGUE",1430.1,-35.494,-69.574,"AR",72.6517487962751,71.5392826519692,71.5148379799921,70.8677058409212,69.5573725738805,70.2707387187584,70.5925562320172,68.729671933741,68.3075770447631,67.7989512402341,61.7375580090179,63.9803957096383,66.4392144128296,60.0777737942541,66.0760747603376,67.7410509205152,58.8659403735091,61.7149215663321,65.2732770618265,50.3657842484031,56.6814786793589,63.5061118791777,"17","Moderately Cool Sub-Tropics"
"93","Maquehue Temuco Ad.",92,-38.77,-72.6369,"CI",82.5004216913251,83.5183144321454,83.1749102871618,81.9187068273004,80.9104718888575,81.4216877826821,82.3157665556591,82.4627416265103,82.4307534434602,81.8083306866747,73.8880722515116,76.0360227493275,78.1275242401447,74.0023728585241,75.9642796181951,80.3479846466189,71.2762309166015,72.4041776408885,76.0790328583301,62.3268260685099,67.7039103843772,74.3768895303007,"11","Cool Sub-Tropics
(Winter Rainfall (WR))"
"94","Maquinchao",887,-41.25,-68.73,"AR",78.2594517983453,77.3706271996598,77.1604719223869,77.852777346608,77.4748488964724,78.6808419983736,78.1074581237208,79.5522232827516,79.041520774148,79.084477891769,78.2380099772485,79.0527819127565,79.770772874722,79.0176021214033,79.431321140919,80.5181493941724,78.2410584824139,78.9344343331759,80.1380806875718,78.2473582250683,79.3112487091103,80.2332529183081,"13","Cool Temperate"
"95","MAR DEL PLATA",21.6,-37.934,-57.573,"AR",70.7012217320498,69.7052347591307,70.2521622540194,69.6591997790492,68.0227207021276,68.6338316692697,69.3450183546556,68.1886514073212,67.1477214301603,65.9301806925623,57.9462561705768,61.9634715946631,63.1915578596115,60.3168048856886,62.6764180418386,65.7032465931469,53.784932130065,58.4243256174,60.0920756339706,44.6910660948132,53.3647769078871,56.8043507936032,"9","Cool Sub-Tropics (SR)"
"96","MARCOS JUAREZ",110,-32.684,-62.158,"AR",41.3926507278343,40.296309420095,40.7490709116864,40.8463194787235,38.4246441919722,39.560325606697,41.1033866025127,40.1020542845381,39.0795452092098,38.1487846690466,28.9386532905352,30.684826364547,33.3249896230238,30.9064936074662,31.6111416738033,35.3786450499233,26.4167364732882,27.7561538749844,30.3921921377151,20.2716599960363,24.8050878776512,28.8572406263578,"15","Transitional Moderately
Cool Sub-Tropics (SR)"
"97","MARECHAL RONDON",188.1,-15.653,-56.117,"BR",0,0,0,0,0,0,0,0,0,0,0,0,0,0,0,0,0,0,0,0,0,0,"1","Warm Tropics"
"98","MATECANA",1346,4.813,-75.74,"CO",0,0,0,0,0,0,0,0,0,0,0,0,0,0,0,0,0,0,0,0,0,0,"16","Moderately Cool Tropics"
"99","MINISTRO PISTARINI",20.4,-34.822,-58.536,"AR",51.3440397080933,49.1845335076559,49.5777947378392,47.8591376979766,47.1033790612494,48.1472927536042,48.4556845144052,47.5638043498784,46.4139907370227,43.8292926782324,35.9938605288982,37.6499367133092,41.2143718011815,37.252033139017,39.1471758775751,43.3170946048877,32.1354057349106,35.6527942010762,37.8085927084877,24.4963790935195,29.615323388774,37.4675835420352,"9","Cool Sub-Tropics (SR)"
"100","Neuquen",271,-38.95,-67.97,"AR",72.0675505492788,71.9961195085652,71.5364863875755,71.3130282995589,70.3804033329538,71.9013783587375,71.4924145390876,70.0319988954443,68.1780528981308,67.8597327470152,64.7972137454528,66.1901347653729,67.9373002545113,65.8000215287137,68.0375372891892,69.274631550639,63.0470345050996,64.3506760460514,65.8167154948534,57.2814947991741,59.6002360868365,64.5416821409525,"11","Cool Sub-Tropics
(Winter Rainfall (WR))"
"101","NUEVA HESPERIDES INTL",57,-31.433,-57.983,"UY",24.783127661593,23.6055804750195,24.3998968973674,23.8564909008774,23.4530370399293,25.6091414846669,29.4106872939205,28.7959299450438,29.041159565121,27.6011642164121,17.3158354427309,19.1837641303705,20.5381261276885,18.8354299435143,20.8771568420584,21.9033328696566,15.5529120413629,16.8532406191226,18.4097762425987,9.51062222373582,13.8007329408258,16.996171218709,"15","Transitional Moderately
Cool Sub-Tropics (SR)"
"102","Paloma Embalse",320,-30.6958,-71.0361,"CI",35.2050848912841,35.6615076807539,34.8569968738693,32.819675823592,31.6519827032557,29.9840845958265,31.9747364121877,31.9242642438664,31.9351589912112,32.3850359328085,15.727406181372,17.1507579640788,21.0541545203081,12.19619388728,19.1033246612246,22.9937173097296,10.993040206262,13.0155556291387,16.8425410208972,3.97689410420228,6.05833935679141,11.8191431838478,"11","Cool Sub-Tropics
(Winter Rainfall (WR))"
"103","Parral",175,-36.1878,-71.8283,"CI",81.788881914174,81.822253346194,82.0046457755434,80.1881827916104,77.858785266274,76.2408453266635,77.7092170294502,77.4674439104624,78.7113889948192,77.8421981187457,65.8203617048529,67.8437884303091,71.6574707655407,65.8217796652774,68.9694201669276,74.9101288008427,62.8323784946515,64.4262567295646,68.5851524737197,52.8205544960903,57.741609719099,66.2574194828041,"11","Cool Sub-Tropics
(Winter Rainfall (WR))"
"104","PASO DE LOS LIBRES",70.1,-29.689,-57.152,"AR",17.8085322098541,17.1623476568033,17.1854138392825,17.4841290824434,15.9379075286504,15.7664360293898,17.7627900527339,16.8981759785514,16.0817867175131,15.1033615877657,7.9954536091278,9.59351558224489,10.3358872761304,8.87134260687528,10.1471915483849,11.1542968768457,6.41333189548414,7.3637210806146,8.88386694097205,4.31483573496754,5.38712836066617,7.77436111473498,"15","Transitional Moderately
Cool Sub-Tropics (SR)"
"105","PASO DE LOS TOROS",75,-32.8,-56.517,"UY",38.2250268330199,35.7381447657669,36.5804440005045,35.468304895795,33.9161390288737,32.4991919326108,34.3583791730596,34.7873392428683,35.4172499230458,34.5956118051233,25.0854992118828,26.7471400748072,29.0213080951024,26.4046114881123,28.3279477201297,30.5142627303137,22.2103728770836,24.3512066661888,26.5732548815555,14.9859983167743,20.6398602590748,24.3750407883074,"15","Transitional Moderately
Cool Sub-Tropics (SR)"
"106","Pichoy Valdivia Ad.",21,-39.6506,-73.0808,"CI",85.9131535346205,86.0466032658924,86.5803166841615,85.5917184483878,85.3143704581998,85.3529147148387,85.5068943465558,85.329000706326,85.3508826674413,84.99130362914,79.1497322443825,81.0054171214297,81.9970997600398,79.2096438212194,80.8072286337847,84.3400841675607,76.8672685938506,78.4729591280256,80.8417235094714,69.2777206326562,73.0236840236685,79.1170890773428,"11","Cool Sub-Tropics
(Winter Rainfall (WR))"
"107","Pirque",659,-33.6736,-70.5869,"CI",69.1313452634477,68.2981424313452,67.7467523104642,63.6724917020269,63.5785744761038,63.5131896143112,65.0947081987106,63.5435180016775,63.4856620440669,62.2008430494561,49.6212738031034,55.3970347237585,58.5382528545043,50.4450640179495,58.2902684292431,61.8204690351562,47.3319278022658,50.4041349785293,55.8763629743621,34.5266231699201,44.75644224486,55.0152652109795,"11","Cool Sub-Tropics
(Winter Rainfall (WR))"
"108","PISCO INTL",11.9,-13.745,-76.22,"PE",0,0,0,0,0,0,0,0,0,0,0,0,0,0,0,0,0,0,0,0,0,0,"11","Cool Sub-Tropics
(Winter Rainfall (WR))"
"109","PONTA PELADA",81.4,-3.146,-59.986,"BR",0,0,0,0,0,0,0,0,0,0,0,0,0,0,0,0,0,0,0,0,0,0,"1","Warm Tropics"
"110","POSADAS",131.1,-27.386,-55.971,"AR",6.95497172270768,7.00897339676089,6.9100331591668,6.87284266974564,6.13558932624892,5.67322231960532,6.00429022177249,6.02813685296371,5.69880176167169,5.48421744820212,2.21921033290085,3.16346079712901,3.98507172557194,2.85215006564832,3.20054549238705,4.0142485139238,1.98846886462852,2.36391712144416,3.00386959416937,0.998282853611238,1.0043896208075,2.01531748265557,"19","Warm Moderately Cool
Sub-Tropics (SR)"
"111","Potrero Grande",445,-35.1833,-71.0978,"CI",79.7972243536096,78.6362183266674,79.0494994162198,77.9426282908789,77.2169102408207,78.7534070937782,79.6287541889815,78.9673375726361,79.7745401658467,78.8828254391183,70.7246789918707,73.1348295742855,75.0975848724002,69.4254564618047,75.4306309959483,78.0944594715571,67.2482231694553,70.2554427160012,74.1057682203863,56.3959231715369,61.6406310556713,73.2088747436296,"11","Cool Sub-Tropics
(Winter Rainfall (WR))"
"112","PRESIDENTE GENERAL DON OSCAR D GESTIDO",223,-30.975,-55.476,"UY",27.1827048762004,27.4503280483232,26.83626520493,27.5812886867736,27.7951200246739,27.574037217131,29.7981019117578,29.4661718483069,28.4509666960091,26.8851578028693,14.6629550252234,16.788030107489,18.41018533856,15.7757852082777,17.3708775173989,19.2871902053481,12.780882023313,14.1999401667183,15.7775013682592,8.00290479177889,10.4108434493972,14.0468893515041,"19","Warm Moderately Cool
Sub-Tropics (SR)"
"113","PRESIDENTE JUSCELINO KUBITSCHEK",1060.4,-15.863,-47.913,"BR",0,0,0,0,0,0,0,0,0,0,0,0,0,0,0,0,0,0,0,0,0,0,"16","Moderately Cool Tropics"
"114","PRESIDENTE PERON",272.8,-38.949,-68.156,"AR",70.6656984580695,70.7361956811733,70.0609268693315,68.3997751560028,66.7532837074643,67.9464473961302,67.304166435455,65.7137694783332,64.6976004427979,63.7020964825479,63.0875367061089,64.8367579757396,66.8683618558358,64.5308723747355,66.8521066031515,68.3177096482582,60.8335914003344,62.4962188594072,64.9200056294528,55.742101980336,59.0281084549688,63.5596980305718,"11","Cool Sub-Tropics
(Winter Rainfall (WR))"
"115","Pudahuel Santiago",482,-33.3919,-70.7944,"CI",69.5330798042942,68.2218824416977,68.0959470687221,65.4242108647886,64.8917315090948,65.2205895928882,64.7234988656801,62.6825564439455,61.9633189748432,61.2962550707944,50.7913953977846,56.0801404327617,59.1446948093515,51.2593311300292,58.1259653482093,62.4415537671228,46.2742203790466,49.7225848718442,56.137567386169,34.5526011063632,43.2342933743321,53.7653881199435,"11","Cool Sub-Tropics
(Winter Rainfall (WR))"
"116","Punta Arenas",5,-53.1233,-70.8772,"CI",79.9579215747322,79.7425544761954,79.3560630223574,79.9157997760121,79.9524834807485,80.7395766518948,81.7242310229158,82.319611891061,82.7316963907269,82.8233103626189,84.9925763462451,85.9012551193346,86.7834628971699,85.2333329267373,86.8586357348886,88.5054761638017,85.6287207191036,87.1429540849585,88.2047084583921,88.9279840327801,91.6749966484876,92.3994679364749,"13","Cool Temperate"
"117","Punta Arenas",38,-53.0033,-70.845,"CI",79.9579215747322,79.7425544761954,79.3560630223574,79.9157997760121,79.9524834807485,80.7395766518948,81.7242310229158,82.319611891061,82.7316963907269,82.8233103626189,84.9925763462451,85.9012551193346,86.7834628971699,85.2333329267373,86.8586357348886,88.5054761638017,85.6287207191036,87.1429540849585,88.2047084583921,88.9279840327801,91.6749966484876,92.3994679364749,"13","Cool Temperate"
"118","Quillota",130,-32.8958,-71.2092,"CI",55.9429413100922,54.3124344109006,55.0974829836318,50.5849972386154,50.2586962705529,51.0198482018109,52.0558209869435,51.8647394606519,52.6330245258532,50.988427130191,34.3112463806399,38.7672897242703,42.0258891021739,32.4481420268511,39.8579135136742,46.2625518028767,29.0496946788901,32.7878930288722,38.0611761856261,17.7432953541261,23.7367219037851,34.6065100239231,"11","Cool Sub-Tropics
(Winter Rainfall (WR))"
"119","Quinta Normal Santiago",527,-33.445,-70.6828,"CI",62.4434567632056,62.1380168731484,61.8032903214353,58.4249436598402,58.5538583751359,58.6155147220979,58.3962316229208,55.5338390542954,55.1785119304104,53.9458793387912,41.2748806349879,46.0027748072489,49.9596149819129,41.7531085708191,48.6893651277878,54.0598868463882,37.7536117059707,40.2337271937809,47.0665319348815,23.6615235412357,34.6801656510443,44.6192707150583,"11","Cool Sub-Tropics
(Winter Rainfall (WR))"
"120","RECONQUISTA AERO",48,-29.183,-59.7,"AR",18.7115126433309,17.8213021721622,17.1419364697007,15.9175231767108,15.5854762087345,14.3300744363987,15.8938545866091,14.904116303245,14.5151847284303,14.0658379915189,8.08022354617478,9.05147828820714,10.5965159159099,9.12445160542413,10.4694701930913,11.4884884768628,6.72996124737484,7.47743114021046,8.95774108894506,4.35784508125673,5.51589725318877,7.92308861125304,"19","Warm Moderately Cool
Sub-Tropics (SR)"
"121","RESISTENCIA",52.7,-27.45,-59.056,"AR",10.0198955771457,10.2608051609558,10.0709517527539,10.6532349739844,9.2305474693369,8.74263967302113,9.61781038184691,9.11336344285337,9.40596067932418,8.72064483731128,4.6070342522131,5.13073634077148,6.21752934701133,5.19144579149989,6.14185920883705,6.72084492143228,4.01284690160017,4.58922048185059,5.24843049381526,2.06473468257033,2.98783731899238,5.29294421888429,"19","Warm Moderately Cool
Sub-Tropics (SR)"
"122","RIO CUARTO AREA DE MATERIAL",420.9,-33.085,-64.261,"AR",50.4911932401737,49.1921288177246,49.2321833565702,49.1386344996483,47.1388346286875,47.0999772024588,46.8665360564678,44.1943871731137,42.0664972963307,40.7613034913454,34.290379519322,36.2903897833482,38.836433778979,35.9456980655323,38.096434064199,42.0475147329376,31.2018642434173,33.2581543047168,36.2605312869357,23.7702327334561,29.9812429063979,36.5559212445925,"15","Transitional Moderately
Cool Sub-Tropics (SR)"
"123","RIO GALLEGOS",18.6,-51.609,-69.313,"AR",81.6625031445428,81.8464006625991,81.1022143414148,81.236555168728,80.3461303995191,79.8918420951823,80.2724158090593,81.1729795178744,81.5582625300085,82.5000516251803,83.4931894234752,84.3837198314559,84.6974786300905,84.2989538341688,84.8774889487977,85.96155036132,84.4082558754553,85.1386708194295,85.4610559867053,86.4478975538023,86.968601004648,87.5293647137454,"13","Cool Temperate"
"124","RIO GRANDE 2",19.8,-53.778,-67.749,"AR",75.1496832021494,75.1360270050918,73.1533648726454,74.0387629136721,73.5171376924291,74.4375807881715,75.0455531834295,76.5763535441201,77.6076154705079,78.4523616595961,79.4823494345725,80.6118039686953,81.37158739535,79.3673011307252,81.6428545829494,82.7669582786826,80.4205442612247,81.9104636874945,82.8293419456387,83.4230762664078,85.9671051126606,87.31332969296,NA,NA
"125","Rivadavia",820,-29.9772,-70.5617,"CI",21.8765230211234,20.0209508290018,19.5959810690292,18.4258786442972,17.7523561187872,17.7330072323089,19.5881543955164,19.6486209732675,20.5178185660434,21.7078654737701,9.47204849728641,10.1867424746374,12.154948712441,7.93372532287223,10.4394687087307,11.8404219637339,7.19867567672558,7.90490155838461,10.0731024130771,2.93096542439852,3.90589130164295,5.92256996408945,"11","Cool Sub-Tropics
(Winter Rainfall (WR))"
"126","ROCHA",18,-34.483,-54.3,"UY",45.8143734139589,44.7611013566857,45.6908500333038,44.0902118215045,43.1639453898179,42.1843337458095,43.7653640890903,43.3302567716682,43.1153089037125,40.8947154883936,29.8583782951928,32.2211238325294,34.8801593457344,29.8567463480765,33.519544443725,35.3580524992536,25.6926295504713,28.7754594437215,31.0131492840784,18.5481359357598,23.2877584246955,26.6770842746259,"15","Transitional Moderately
Cool Sub-Tropics (SR)"
"127","ROSARIO",25.9,-32.904,-60.785,"AR",42.6140638033216,41.8758836404856,42.6581705920885,39.7285466433977,37.7365603458729,37.3976568391063,38.8888867321907,37.4251486128564,36.6862513249362,36.9639409583433,28.3713544965181,29.9445171192192,31.5175118035222,30.1805713861746,31.3693987405771,34.9580094550823,25.211438204831,26.969683493717,29.491730107043,19.0498265780281,23.8167482617205,27.1069185031989,"15","Transitional Moderately
Cool Sub-Tropics (SR)"
"128","SALGADO FILHO",3.4,-29.994,-51.171,"BR",9.930606790605,12.0028475201881,12.1446717788458,13.9254335735716,13.0770730454967,10.8287772426395,11.0088037676319,11.087011496621,12.107193192879,12.0825555050963,6.02931542707471,6.56122495062084,8.455735722366,6.01706531952712,8.04294576303118,8.87189988719851,4.92642150036849,5.02571474819581,6.48043910569776,2.02079637262074,3.01741576963974,4.93356167424866,"19","Warm Moderately Cool
Sub-Tropics (SR)"
"129","SALTA",1246,-24.856,-65.486,"AR",28.1179391593948,28.4023012656189,29.3153883803615,28.5294536590263,27.26487597752,24.9737695546178,25.7105701195153,24.3865789052154,25.8826641566334,25.0834901765168,13.4219624360333,16.3775290732577,18.1638952019482,15.596457106895,16.6891640201275,19.4141653982747,10.6343694509939,12.9614975708369,15.4272181986506,5.87437650419417,9.07164031996649,12.3902861251344,"7","Warm Sub-Tropics
(Summer Rainfall (SR))"
"130","SAN CARLOS DE BARILOCHE",846.1,-41.151,-71.158,"AR",84.0205300607704,83.4497500155485,82.7302576790516,82.8674670267246,82.448382479929,82.4148283284408,82.1084803626129,81.9650944798486,82.0623134384267,82.6613059467563,84.1237625207619,84.4496372624399,84.6375721001087,84.6209073765822,84.8817435994451,85.4353083922012,84.0314788629328,84.6960757105953,85.3216351345759,84.0947290549496,85.1246744986765,85.8837164697241,"13","Cool Temperate"
"131","SAN JUAN",597.1,-31.571,-68.418,"AR",47.751653141449,46.5390028930414,45.382661677299,44.7064754281555,43.4598347616884,43.7489366865607,44.4113685137922,43.0480935760579,41.4866801896894,41.0418114327398,32.4456876911193,36.1656339298843,37.9172397397404,35.2826297820773,38.2193746616103,41.5055203315154,29.710271133004,33.347526851654,36.280629281026,22.6565344769976,28.2020392259982,30.363403200984,"17","Moderately Cool Sub-Tropics"
"132","SAN JULIAN",57.9,-49.307,-67.803,"AR",85.281294198639,84.5891854403621,84.4160139550459,84.1838434600122,83.3076113069233,83.6123051851091,83.5613185442962,83.9582366347768,83.8562155101704,83.9358964470798,83.8063240998626,84.256197492984,84.486508635459,84.1262878770463,84.7398289902308,85.3278505893449,83.0782278089387,84.1328951396476,84.3072329649764,81.3890121723292,82.6499910566727,84.034315903946,"13","Cool Temperate"
"133","SAN LUIS",709.9,-33.273,-66.356,"AR",42.293253329879,41.9347100011664,41.3894828130719,40.2432444810579,39.8028279784448,38.5732658143534,40.6846205413294,37.4622078573193,35.9744316924302,35.4876973399496,27.0735336315905,28.5092856044555,31.7996291377741,27.8469791860931,31.230710586241,33.2310906237612,23.8006829278452,25.913978183514,27.2172483643344,19.7420259444726,20.9344341626552,25.8466828076506,"7","Warm Sub-Tropics
(Summer Rainfall (SR))"
"134","SAN RAFAEL",752.9,-34.588,-68.403,"AR",58.590543833935,56.4478766230768,57.4098828739038,55.4757212368686,54.7559978744819,55.8157970411921,55.6791020389574,53.8825973514236,52.3275680388606,50.6890078908905,44.1879993495834,45.3964180692426,49.0431401680034,45.2757084757017,48.4462890248674,52.1471816221786,40.7819741212424,42.7057527406573,46.6714305140787,32.0455164837657,37.3906032130253,43.6155156640847,"7","Warm Sub-Tropics
(Summer Rainfall (SR))"
"135","Santa Juana",560,-28.6672,-70.6625,"CI",19.1649636154434,18.1866696887756,16.3218522604081,15.0473701404712,13.5813392394664,13.8105975000656,16.0808998262249,13.5664327115137,15.3630408794736,16.3194000388999,5.10945180594703,7.00323804428319,8.62874167076148,5.10045502514458,7.03602523819836,9.01857812225268,3.01395491588073,4.59279750651239,5.90295708046968,0.885594423921075,1.01050367505037,3.01684410947572,"11","Cool Sub-Tropics
(Winter Rainfall (WR))"
"136","SANTA ROSA",192,-36.588,-64.276,"AR",59.8969278273053,58.8259980472776,58.2574395169011,57.9884530521563,56.5413066514752,56.0405823602068,57.1281538286794,54.1379153739244,51.9220563429076,51.2230912806572,48.43619811903,50.6370317245423,52.8348385624994,49.8538309491224,51.7080526856889,55.5148211466775,45.9878096852978,47.2199069515864,50.2149280245584,38.0884276046955,43.2405690420287,50.4230680083942,"15","Transitional Moderately
Cool Sub-Tropics (SR)"
"137","Santa Rosa Aero",192,-36.567,-64.266,"CI",63.7313016208282,63.1064848028318,62.4433256004813,61.2562091408031,60.7657132883544,59.7769673255664,59.1459923530047,56.2154545511567,54.0338154060814,53.8351455570682,52.655873472019,53.9355050248732,55.7762853712491,54.3751369605819,55.333137456817,58.8503206842835,50.0062619660562,51.3054001673872,53.891884929181,44.2797553286273,47.2160172343019,54.2733451044456,"15","Transitional Moderately
Cool Sub-Tropics (SR)"
"138","SANTAREM",60.4,-2.422,-54.793,"BR",0,0,0,0,0,0,0,0,0,0,0,0,0,0,0,0,0,0,0,0,0,0,"1","Warm Tropics"
"139","SANTIAGO DEL ESTERO",199.9,-27.766,-64.31,"AR",19.0082191119191,16.6045740420491,17.3798346357876,17.3107922120053,16.3229429764433,15.806288674518,17.415387870534,16.9199567528024,16.806527861414,15.9785882728606,9.02517929886849,11.1023732279046,11.8227293688927,9.58065922196502,12.829056124622,14.4203272226892,7.5790491139568,9.47398462437036,10.761346112284,5.35718980404037,6.86246159203108,10.0905387846457,"7","Warm Sub-Tropics
(Summer Rainfall (SR))"
"140","Santo Domingo Ad.",75,-33.655,-71.6142,"CI",70.7786341744891,69.3232846551764,69.1535035824454,67.0685932283777,67.2848262222706,68.7707434927124,69.8023980660237,70.0326562223445,69.6741835746161,68.7231892813434,50.867621899413,53.6253565388643,56.6451360404652,48.4395445227562,53.3974332139173,62.1214836419845,43.5678439148578,47.822184360356,52.0754634258189,31.2821765487844,36.0985177075931,50.7736032906192,"11","Cool Sub-Tropics
(Winter Rainfall (WR))"
"141","SANTOS DUMONT",3.4,-22.91,-43.163,"BR",0,0,0,0,0,0,0,0,0,0,0,0,0,0,0,0,0,0,0,0,0,0,NA,NA
"142","SAUCE VIEJO",17.1,-31.712,-60.812,"AR",32.1126803224306,31.2916540853294,33.266232008878,31.7640207124466,30.0981833386486,29.1464773299822,30.5684788959688,29.6527302543932,28.7679092947242,28.2266309145593,20.3493231567687,22.0210039146532,23.7428179806135,21.7949056998613,23.3263701134006,26.0772883318927,17.774764947609,19.3361542788471,21.382564931754,13.5118018491282,17.060920878409,19.3882816951807,"15","Transitional Moderately
Cool Sub-Tropics (SR)"
"143","SILVIO PETTIROSSI INTL",89,-25.24,-57.519,"PA",5.40002188533026,5.48615469032137,5.28345317199557,4.94864019035253,4.30550714549895,3.96351096963303,3.98354503139035,3.9691633479132,4.42251517323757,4.14446137109735,1.00126279308364,1.01465816419463,1.89102800362499,1.00920934313914,1.65903744622128,1.97824096685526,0,0.995807420110623,1.00453564677584,0,0,0.987080616820949,"19","Warm Moderately Cool
Sub-Tropics (SR)"
"144","SIMON BOLIVAR INTL",5.8,-2.157,-79.884,"EC",0,0,0,0,0,0,0,0,0,0,0,0,0,0,0,0,0,0,0,0,0,0,"1","Warm Tropics"
"145","Talca U.C.",130,-35.4358,-71.6197,"CI",77.2451026847466,76.2638829070393,77.296888095027,76.5745653483,76.7862551157755,78.661881992668,79.4219392089763,78.9971066431635,78.3652579735617,75.5688190371756,63.7791332259839,65.7675776877859,69.0315717000891,62.3994419114776,66.9993574236623,72.739320177546,59.4602314915731,61.5104209673664,67.1255109688904,49.9163184995242,53.6372419605457,64.8648935794946,"11","Cool Sub-Tropics
(Winter Rainfall (WR))"
"146","TANDIL",175,-37.237,-59.228,"AR",73.26694429603,72.234477858181,72.7568279604857,71.9203688347674,71.0112328229352,70.713547259933,71.1295066152561,70.0463778610419,68.8119628934837,68.286300844225,60.5259503289271,62.6458489202165,64.5074118937235,61.5277853580485,63.6963014184676,65.5855712795581,56.2099890073043,60.5807091783136,61.9609222109622,49.2447689388457,55.5229082987407,61.3864317358664,"9","Cool Sub-Tropics (SR)"
"147","TENIENTE ALEJANDRO VELASCO ASTETE INTL",3310.1,-13.536,-71.939,"PE",45.08075947315,44.7285490949093,40.9349695015337,39.0952216415358,38.1374080264231,34.1239966421708,34.438875119039,31.3939297551642,29.9703487968136,29.0794605376132,8.43955798042703,10.5816805875852,13.583383196816,6.07994993784778,12.0016167628521,18.4751889518604,3.92755087115939,5.59803173966895,9.51432460007438,0,1.09339417300623,2.05080154054049,"3","Cool Tropics"
"148","Teniente Vidal Coyhaique Ad.",310,-45.5939,-72.1086,"CI",83.7212171728588,84.1837370737176,83.5607456938809,84.418657059512,84.5041951294261,83.9550839995381,84.0257034753631,84.4724062052937,84.8303379562913,85.4663723903577,86.5240031702196,86.9473603554979,87.3983257984319,86.9400005745763,87.610395299198,88.1916354324144,86.9074052105702,87.4136114542871,87.8403769191345,87.4385707147774,88.1555932845185,88.3989204756051,"13","Cool Temperate"
"149","Torres Del Paine",25,-51.1842,-72.9669,"CI",79.9486636590518,79.3734684606552,79.5306821761787,79.8792096057065,79.5114858972502,78.9114579198649,80.8621883627748,81.7411252655747,83.0493887716832,83.5628295553033,83.116619074552,83.7738513551267,84.1422571657557,83.8046635720293,84.2076507709398,84.6081988061196,83.5708842108511,84.4025168728949,84.5658445013362,84.4606865206933,84.9053581627923,85.4261139089501,"13","Cool Temperate"
"150","Traiguen",234,-38.2561,-72.6536,"CI",89.5603466755665,89.2497205426157,89.3154567598285,88.3821781432653,88.2491924180981,88.1241810855568,86.7628486808808,86.6421100874031,85.6979326629585,84.9889196890763,79.3347665734689,81.7953685516241,83.0581972929284,79.8415941277864,81.649584089213,84.567344472786,77.2865579133535,78.7473922414511,81.4648407688488,68.7971415429257,73.4761855427787,79.741343733127,"11","Cool Sub-Tropics
(Winter Rainfall (WR))"
"151","Trelew",10,-43.23,-65.32,"AR",77.5483180698284,77.2826548185894,76.2583726573002,74.328787031176,75.0573498571343,75.171425113961,75.0324428181329,74.8610344716535,74.0485285031402,72.5598303861934,68.1903106814222,69.5746884732162,71.4255176915719,69.4107817911125,71.3499377627868,72.8974302173454,66.7549721011974,67.4215833120888,69.2004215585588,61.7932510408942,63.888160272194,68.7467318587901,"11","Cool Sub-Tropics
(Winter Rainfall (WR))"
"152","TTE AV JORGE HENRICH ARAUZ",155.1,-14.819,-64.918,"BL",0,0,0,0,0,0,0,0,0,0,0,0,0,0,0,0,0,0,0,0,0,0,"1","Warm Tropics"
"153","VAL DE CANS INTL",16.5,-1.379,-48.476,"BR",0,0,0,0,0,0,0,0,0,0,0,0,0,0,0,0,0,0,0,0,0,0,"1","Warm Tropics"
"154","Viedma",7,-40.85,-63.02,"AR",75.9810741551364,76.7492371794665,76.7705189180479,75.5954737205907,75.1434677629514,74.1844034850528,73.4749724082612,72.5043878404576,72.0375547805334,70.7159477549021,67.7916464127748,68.843747574083,70.4973732427892,69.0220591128875,70.1060095764624,72.3973210214579,65.0208145249352,67.3283698453188,68.6393111298864,59.9274124061275,63.3147021816039,67.2560731102118,"9","Cool Sub-Tropics (SR)"
"155","Vilcuya",1100,-32.8603,-70.4719,"CI",57.6664737193651,56.2916370567391,54.7490720745127,52.9961226555479,50.0457485523311,49.912900743057,50.4605809009531,50.0436264703533,50.394028323582,51.8869252145737,36.796170060567,41.4655637231817,45.5151040629566,35.3384298478461,41.820676735053,45.4006225344297,33.9966192591971,37.2232853098922,42.2406547826554,19.8874883182632,29.8250340903539,34.1515299726823,"11","Cool Sub-Tropics
(Winter Rainfall (WR))"
"156","VILLA REYNOLDS",484.9,-33.73,-65.387,"AR",45.6444028094647,43.7347876681442,44.3539546725469,42.4255417515128,42.4606155772449,41.9287427797452,43.3311393063314,39.9692830967133,38.502945184478,36.7367850012522,35.0595637422154,37.0199195322284,38.9596752853349,37.2768501875138,38.9328564306452,42.25231292663,32.5847437543763,34.9605184672428,36.5290504870792,28.2996120526816,31.1366603511483,36.5443553100504,"15","Transitional Moderately
Cool Sub-Tropics (SR)"
"157","VIRACOPOS",661.4,-23.007,-47.135,"BR",1.01440710946693,1.01512096144592,1.00790958505321,1.00111009890998,0.489005009377195,0.661745991829406,1.00151375460757,1.01092365952371,1.01163967883275,1.01345771163852,0,0,0,0,0,0,0,0,0,0,0,0,"19","Warm Moderately Cool
Sub-Tropics (SR)"
