"station_name","Altitude","Latitude","Longitude","country","1981","1985","1989","1993","1997","2001","2005","2009","2013","2017","rcp45_2050_pessimistic","rcp45_2050_intermediate","rcp45_2050_optimistic","rcp45_2085_pessimistic","rcp45_2085_intermediate","rcp45_2085_optimistic","rcp85_2050_pessimistic","rcp85_2050_intermediate","rcp85_2050_optimistic","rcp85_2085_pessimistic","rcp85_2085_intermediate","rcp85_2085_optimistic"
"Adolfo Matthei",55,-40.5883,-73.1069,"CI",85.8327550231832,86.3863542446579,86.2219530622924,85.823687718057,86.1632311759349,85.9103410811131,87.1384877231749,86.4840073195719,86.893954258846,86.6974329551049,79.3951096884884,82.721276382209,85.4003345154397,79.5168844154614,82.4866112685195,89.6139110162462,77.0003412374131,80.5959255908929,83.9619090561964,70.4274283301693,75.8035520826033,87.8617323575436
"AEROPARQUE JORGE NEWBERY",5.5,-34.559,-58.416,"AR",44.335031675892,43.6379467267634,44.7831695319483,41.8646359217605,39.7135842754219,40.5091398448257,40.4158259989454,39.0261267067872,37.3333601056308,34.2448964908508,25.9736930733407,29.396534560658,34.3526433356892,25.48433730547,29.5858533834926,50.1663818003153,20.5919863851796,25.6756225582576,29.4861525745919,11.0473189119491,19.748589423149,40.1783541969744
"AFONSO PENA",910.7,-25.528,-49.176,"BR",19.0472136148996,20.2139931774835,18.363725499413,18.0441063764366,16.7949507391586,14.4518800356639,15.3490222708363,16.852095275392,17.4401048275877,19.0054625960222,4.34270223658552,6.04254370840812,7.81772093195048,4.8091523533688,6.97130933955191,12.9383727124412,3.473461184016,5.25405214198526,6.66784053105448,1.00036084090431,3.02759543546955,7.45027609260552
"ALFONSO BONILLA ARAGON INTL",963.8,3.543,-76.382,"CO",0,0,0,0,0,0,0,0,0,0,0,0,0,0,0,0,0,0,0,0,0,0
"ALFREDO VASQUEZ COBO",84.4,-4.193,-69.943,"CO",0,0,0,0,0,0,0,0,0,0,0,0,0,0,0,0,0,0,0,0,0,0
"Alicahue",750,-32.3408,-70.7528,"CI",52.9014684863832,52.5397150036333,53.9439862207146,49.777693123435,50.8770112326592,51.2134453153403,50.8538515522669,49.9608353721113,50.9040697305982,51.2089731237579,30.1508812919515,39.2526964149549,48.7678847404313,30.136725991601,40.8666349864411,50.578778207102,25.9282796240317,34.6106796102918,45.8793514539698,15.037065256796,28.2115513650526,41.555429735346
"ALMIRANTE ZAR",43,-43.211,-65.27,"AR",74.811071613628,74.345191151674,73.170759783131,70.6719932626906,69.7631198223303,69.3240302634767,71.0157885904382,70.0990342183168,69.0438786391633,67.5672539590578,64.3696435428265,68.6241718723904,71.2628590641079,66.0157678548862,69.3782457648795,78.2362968145098,62.2262449416667,66.2153567370947,68.8110075826376,58.6460080421484,61.7286742710812,73.408338173117
"AMBROSIO L V TARAVELLA",488.9,-31.324,-64.208,"AR",33.9354838282388,33.5922854024761,33.0494373666097,32.6451779613762,32.2017453327505,31.3912806864837,30.8352100333573,29.9983469340127,29.5421468647319,29.5027370463281,19.7905665762291,23.6684435033367,28.3240160196208,21.5390501563741,25.6971311980742,39.8118635351857,19.015159280525,21.8885703275209,25.3860173018384,12.6157013365575,18.7796658164823,33.5824596500627
"ARTIGAS INTL",128,-30.401,-56.508,"UY",20.9021020104763,21.66179846518,21.9849619616623,21.755441776148,20.1949986382842,19.9608343179757,20.8290258471466,20.9355073337582,21.2801426064648,20.6488988048495,11.7348287685172,15.5267731531692,19.368185844088,13.1216161146506,15.7507715635802,27.1042648044299,10.5833414520173,13.3023602822572,15.084511750965,5.00840845256073,8.92933145469192,17.7750342244362
"ARTURO MERINO BENITEZ INTL",474,-33.393,-70.786,"CI",63.7280850659517,62.3610479546142,61.3108870940032,56.536151367271,54.9893494620528,56.2126913284551,55.5684482700362,54.2709632519154,53.4848964431596,51.4310948085504,35.0294458464953,45.6330263140744,53.0994318880137,35.2376719210816,47.3343091133938,57.6106231079398,30.77824598707,39.8444408478993,50.8342718019157,19.03255890281,32.2736915675905,48.0279037277805
"Ascasubi",22,-39.38,-62.62,"AR",69.5398475263291,69.8761115548184,69.7863235565505,69.0674045612575,69.2526111213032,69.4668705266613,68.8968952475707,67.7683403827732,66.4165071303332,65.4643447030189,60.3511526586108,63.4081965146634,65.4861274851692,61.2801611104105,64.7105038124291,76.1555914015562,58.4119962875511,60.8258769998229,64.000436364071,50.4161104837622,57.1342604015999,70.6678794790778
"Azapa",365,-18.5156,-70.1806,"CI",4.01161072317478,5.0156560338007,5.01466507869344,5.02118386030187,3.99970063461194,4.00401866655065,4.80676057873507,3.92260089581589,3.01884065374099,2.02031003773959,0,0,0,0,0,1.97888646214062,0,0,0,0,0,0
"BALMACEDA",524.9,-45.916,-71.689,"CI",78.8743459435582,78.2577453673866,77.9392606346928,79.6800960375258,78.8531360055531,78.6409586226655,78.6882750812492,79.1755082446598,79.8581101961827,80.6870327533898,80.5541600125143,82.1812458601235,83.1185373471981,81.7846781627259,83.3056636650581,85.4672704635714,80.9449885424256,83.0430797950539,85.0817579681907,83.2883436369236,85.7585029194606,87.8645397785508
"Balmaceda Ad.",517,-45.9128,-71.6942,"CI",77.8341766091098,77.8124178173857,77.605247929394,78.9351849321984,78.504092753933,78.7914443206737,78.6769043549837,79.8458741782502,79.9005266191843,80.6868958549458,80.2378353240783,81.8004707338375,82.9408476802528,80.8240456720414,82.83028085054,85.078513640742,80.6170157395702,82.7520083756817,84.6026384598845,82.9563859754708,85.4284009699742,87.4883528367213
"Bernardo O'Higgins Chillan Ad.",151,-36.5872,-72.04,"CI",80.1741407342588,79.9736646804895,80.1576229729817,78.3344914461322,78.3068745231376,78.9256322481374,80.1488198888746,79.8365717791812,79.9598075641115,78.9677235331956,65.5423922104267,70.8590070242044,76.8912616871276,66.7381212486735,71.7340076450915,82.4496558134852,63.214876075077,67.5765587547321,73.8662933684227,52.2201366685053,62.2962576456448,75.1893330660278
"BOA VISTA",84.1,2.846,-60.69,"BR",0,0,0,0,0,0,0,0,0,0,0,0,0,0,0,0,0,0,0,0,0,0
"CAMPO GRANDE",558.7,-20.469,-54.673,"BR",0,0,0,0,0,0,0,0,0,0,0,0,0,0,0,0,0,0,0,0,0,0
"Canal Bajo Osorno Ad.",61,-40.605,-73.0608,"CI",87.3573779911439,87.5374804733374,87.6693095044618,87.0359097409082,86.4984070065184,86.6935038147967,86.7276679148617,86.8468722194584,86.60670216162,86.1062657721595,79.5855003908491,82.465845752,84.8049816773707,79.6703308756469,82.5622582442138,89.3740413535688,76.5249568248582,80.1581751294434,83.250420428185,70.1010351794721,75.3023677595093,86.5895140580888
"CAP FAP DAVID ABENZUR RENGIFO INTL",156.4,-8.378,-74.574,"PE",0,0,0,0,0,0,0,0,0,0,0,0,0,0,0,0,0,0,0,0,0,0
"CAPITAN CARLOS MARTINEZ DE PINILLOS",32.3,-8.081,-79.109,"PE",0,0,0,0,0,0,0,0,0,0,0,0,0,0,0,0,0,0,0,0,0,0
"CAPITAN FAP GUILLERMO CONCHA IBERICO",35.4,-5.206,-80.616,"PE",0,0,0,0,0,0,0,0,0,0,0,0,0,0,0,0,0,0,0,0,0,0
"CAPT JOSE A  QUINONES GONZALES INTL",29.6,-6.787,-79.828,"PE",0,0,0,0,0,0,0,0,0,0,0,0,0,0,0,0,0,0,0,0,0,0
"CARLOS IBANEZ DEL CAMPO INTL",42.4,-53.003,-70.855,"CI",81.5258058649724,80.8487652878703,80.1485051698792,81.1013852454889,81.3336906234908,81.6034099551416,82.381077637071,83.1549089356013,83.6370979164165,83.9183314550264,84.8730802154478,86.6807625016172,88.2724745055966,85.2355766607693,87.4174056771863,89.3992309776404,86.1838486339857,87.9984391489879,89.581770065236,88.551067960253,91.7443417293289,92.7461110457853
"CARRASCO INTL",32,-34.838,-56.031,"UY",48.3309498452854,47.9197522594284,50.6051181875032,49.0257177534768,48.5901875133582,48.175301061246,47.7551974940006,46.1064775886427,45.4183313476133,44.5098580016938,35.7582124973783,38.6735468029356,43.4140317496904,36.8263935559066,40.7566364386266,58.8738290814301,30.5775565712697,35.0611175634731,40.3722089411767,20.5643267008813,28.8253359394578,49.656428678669
"Carriel Sur Concepcion.",12,-36.7792,-73.0622,"CI",75.1193123540347,75.3900201568483,75.3372573387596,72.7492140403419,73.3166913529808,74.4303551993362,75.8638638636858,75.6499424661952,74.9370962900239,73.2429938873188,57.9124859532994,65.0466022255468,70.8546627341748,59.2869231622899,64.5305569058246,81.3985318767282,55.8136007492185,60.5566825559688,67.2213793429728,42.7684722654362,51.3763982045502,71.5309035355076
"CARRIEL SUR INTL",7.9,-36.773,-73.063,"CI",73.2799514881474,73.3516634998396,72.9118323616176,70.5138206038173,71.0646099513647,71.3957468781418,72.9272725662495,72.9311869594039,72.3799085528317,70.0267360581274,57.4000111408059,63.3590989787558,70.4507551165989,58.1366018163999,63.1011539170959,80.0546982055607,53.9422985809097,59.1451949747188,65.3576115637848,42.1067013525144,49.48318815331,70.2976306662968
"CATAMARCA",463.9,-28.596,-65.752,"AR",19.9478236495243,18.5201803625455,18.4306864568727,17.6350516404359,17.3877417441595,15.9109411207173,17.8276685452715,15.9942186300896,16.1655984271449,15.5085611911734,7.12955716103943,9.55638714334896,12.3124914639563,6.73802640878409,11.4499305855423,22.8325638012252,6.25910695354457,8.2163352247328,11.1316167762054,3.03504037093109,6.00508598530328,16.0294587713793
"CATARATAS DEL IGUAZU",279.2,-25.737,-54.473,"AR",6.63536199781595,7.17728790637057,6.9309700073145,7.1092919900351,6.27751528925012,5.99175788436162,6.79614334174482,6.04037709314645,6.04939670320894,6.07316202154436,2.00842942020131,3.001501054562,4.02457458540709,2.01324731807222,3.09124381765798,6.91876638504868,1.00684293114409,2.02229661175841,3.01613066979144,0,1.00470471471567,3.99590369157295
"CATARATAS INTL",239.9,-25.596,-54.487,"BR",4.83145685290805,5.07773486170231,4.98914524323396,6.29800111268264,4.9861012133627,4.98478616163095,5.90640508849924,5.72992408542888,6.06626724006358,5.37246893303546,1.47544956869484,2.0188290001189,3.02661056699048,1.35315581417308,2.95970886213297,6.21596005569302,1.00205287304584,1.99962209744189,2.02484351681244,0,1.00011891875414,3.31420261326252
"CERES",88,-29.883,-61.95,"AR",24.1728267405683,24.2829491940165,25.2460764921839,25.4806901685265,25.2603285202645,24.3378045108348,24.3665668639725,21.3897046513302,20.2648750002531,19.1212493862865,12.3253748800506,15.3614171352024,19.132869371273,13.712301758856,17.0504676371238,28.6454553570593,11.810573966038,13.8317834031039,15.9069895247183,6.67680391363376,11.6471889065708,22.2957126584251
"Cerro Calan",848,-33.395,-70.5367,"CI",59.2473236775068,57.6173363853968,56.1028818098903,53.4511668065061,53.3460164173298,51.7212604541746,51.9806516273075,50.6155478248056,52.0479625475236,50.99932275628,33.6704605874636,43.7846486637254,50.7950770949856,31.3239406861207,44.7934345306167,56.4530620144405,29.6137398525238,38.3321471597969,47.953395625323,18.1123903689149,32.005082554123,44.6021979906959
"Cerro Moreno Antofagasta Ap.",113,-23.4503,-70.4411,"CI",7.03081860669363,7.04660030360213,7.06878474038956,7.04174647159005,7.05291921193066,10.0493731533688,12.0912793749624,12.0744767082228,11.0677929300061,9.06123632050321,0,1.0004034388374,1.01547295750566,0,1.00111411500046,6.04439677821665,0,0,0,0,0,0
"CERRO MORENO INTL",138.7,-23.444,-70.445,"CI",7.04534854069243,8.02630505060301,8.05254247481901,7.85357862376304,8.04849492725077,10.0468948194298,13.0597272093419,12.9948507637391,12.0550118443432,11.0092258470988,0,0,1.01065748304225,0,0.958066557057776,5.02408950107633,0,0,0,0,0,0
"CHACALLUTA",50.9,-18.349,-70.339,"CI",0,0.998705304544302,0,0,0,1.00024785506631,1.0003344685052,1.00136396099469,0,0,0,0,0,0,0,0,0,0,0,0,0,0
"Chacalluta Arica Ap.",63,-18.3514,-70.3358,"CI",0,0,0,0,0,0,0,0,0,0,0,0,0,0,0,0,0,0,0,0,0,0
"Chile Chico Ad.",306,-46.5808,-71.6928,"CI",83.8919753686278,83.9403545648256,83.5831163051407,84.0346724031679,83.653786081911,83.5470112599305,83.9192788407199,84.3383439920908,84.5234738640361,84.397823194673,84.659013768005,84.9886559378551,85.9890809536273,85.0003929522572,85.5622647557557,86.6623360378653,84.2031307946781,85.0021381828137,85.770662817689,79.9102129780006,84.6481084281611,87.9810322215594
"Chiu-Chiu",2524,-22.3378,-68.6367,"CI",33.589712676895,33.0026994155733,30.6488294831747,31.064278752694,30.686614939319,32.8875384186717,33.3000721994491,33.34772960799,32.7091897825526,33.4006625444911,3.14904538549739,13.4574161712596,23.4150008622562,5.28944676117277,16.7296301879196,26.2418685628827,2.01833035187065,9.41686218081193,16.9028657264464,0.558915085946438,1.94430478677656,10.7379379587744
"Cogoti Embalse",740,-31.0078,-71.0856,"CI",34.1105932659423,32.3108708918207,31.3616581437846,28.0259191018849,26.7264167991506,26.5748547755743,26.9631543620394,26.9735525297392,28.0142674488718,27.9709987635965,11.6138243798292,18.0348138458005,24.4099197458891,11.0427400800085,18.7790460119641,29.0568147056338,8.02552508311715,14.0961593592492,22.8216385720846,3.03057988392015,7.9777620615175,18.402121792903
"Colorado",420,-35.6381,-71.2606,"CI",80.1384104967092,80.5685181749686,80.9174740328854,79.9179915657226,80.1723186857163,80.782609026026,81.7929467843896,81.5103007765247,81.425925901947,82.1154652661933,65.2961910614013,72.774730700281,78.0091464442512,65.2501288963776,73.611839018565,82.4274785147231,62.1011863736703,67.9374742075906,75.5677098813926,49.4538949577513,58.5430737810104,74.2800818789292
"COMANDANTE ESPORA",75,-38.725,-62.169,"AR",68.4882239831222,66.6540804604792,64.312889454719,60.3576958237818,58.9643364065805,59.8239863471576,61.1402975671926,60.9990464603743,60.1884629964243,58.2886886569495,52.8135579835885,56.2254430831381,59.7758943775389,53.7593566923942,57.686207967236,70.0886145099287,49.6343536222757,53.7836756071479,56.2515178029853,40.1497838309488,47.7791506908097,64.1765750816521
"COMODORO PIERRESTEGUI",34.1,-31.297,-57.997,"AR",25.615408903959,25.2760350872347,26.2704072076272,24.9600832221809,24.0502531391444,23.5153434928054,26.011723195842,26.4517475391826,25.4733761974701,23.9721702633492,15.2648365420191,18.2936336763383,22.5175077771119,16.5866113436473,19.5881334279638,34.5347420578173,14.6449482108925,15.9432146489455,18.3900957523297,7.99035075883126,12.8487004610047,24.1004701046531
"COMODORO RIVADAVIA",57.9,-45.785,-67.466,"AR",79.6134218875861,78.2175915410462,78.0707092053217,75.8862567895703,75.5260304325288,76.375657879971,75.0076138878177,74.6843546856544,72.6938872987885,71.9283001357553,67.798003892799,71.895210312583,75.360652049234,68.2091424029031,71.9094843282019,79.7903510366909,63.9189902668468,69.5383180397712,72.9778413554668,58.7411015216835,62.7294422290956,73.9267293402499
"CONGONHAS",801.9,-23.627,-46.655,"BR",3.01703130982935,3.02056691961792,3.005073406625,3.00830109383679,2.00837575005849,1.0121623845659,1.01216005059365,2.00185931242117,2.01676657650452,2.01556561932517,0,0,1.00350920872981,0,0,3.01835420903069,0,0,0,0,0,1.00211269411483
"CORONEL CARLOS CIRIANI SANTA ROSA INTL",468.8,-18.053,-70.276,"PE",3.02299358282187,3.06007270499853,4.00588273982669,2.02387681398397,2.011074527804,2.33504854494836,2.93261764550971,1.01580467333173,0.999437776572421,0.998013615720623,0,0,0,0,0,2.01829471319974,0,0,0,0,0,0
"CORONEL FRANCISCO SECADA VIGNETTA INTL",93.3,-3.785,-73.309,"PE",0,0,0,0,0,0,0,0,0,0,0,0,0,0,0,0,0,0,0,0,0,0
"CORRIENTES",61.9,-27.446,-58.762,"AR",11.8538252854938,11.9680196607665,11.7218982713998,12.0731178639494,10.6268305215298,8.85037292718198,10.4692901900223,9.86333286217541,9.85797461950347,10.0240373613111,3.71480208588616,4.71554306906265,6.53608500131185,3.90267929987252,4.96193676096391,11.0346122073706,2.51014725058496,3.94801309146249,4.98267583760179,0,2.0159744246447,6.11804963440397
"DEPUTADO LUIS EDUARDO MAGALHAES",19.5,-12.911,-38.331,"BR",0,0,0,0,0,0,0,0,0,0,0,0,0,0,0,0,0,0,0,0,0,0
"Diego Aracena Iquique Ap.",52,-20.5397,-70.1786,"CI",0,0,0,0,0,0,0,0,0,0,0,0,0,0,0,0,0,0,0,0,0,0
"Digua Embalse",390,-36.2558,-71.5481,"CI",83.9729859593808,83.8818965738101,82.7512241055392,82.3798729939372,82.1452024221308,83.1144303673938,84.0654738971261,84.2580715426298,84.6136949277884,84.8002194383698,73.4425508350769,79.3166976486091,82.8609118527811,74.3513978712563,79.8276537527936,86.1232177451147,71.5767956277987,75.9779258725048,80.1241714050532,62.8991840377628,70.6101263207229,81.1105054495238
"Diguillin",670,-36.8686,-71.6425,"CI",80.959977496329,80.4983453367731,80.2584431691048,80.4471047578174,80.210659768529,81.2233125147188,82.406662854537,82.4698962834827,82.3358506601144,81.9010546934314,70.7408304364408,75.9485334982437,79.0373234483031,71.0384054774267,76.3703354738682,81.8197853474958,70.038336458513,73.5317144011515,77.1943076479797,60.537394964218,67.8167780851919,75.9932971909002
"EDUARDO GOMES INTL",80.5,-3.039,-60.05,"BR",0,0,0,0,0,0,0,0,0,0,0,0,0,0,0,0,0,0,0,0,0,0
"EL ALTO INTL",4061.5,-16.513,-68.192,"BL",78.7796435504388,78.922408403394,77.5993367148076,77.3666460965742,77.0195477596371,75.855727846726,75.1762589979444,74.2770318903549,73.6385077069172,72.375453612769,58.8634232335244,67.3932872868572,74.1864169054843,62.139761783641,68.7086636505755,75.2138106559769,52.8624390716359,63.9008689413772,71.7077295280396,38.6450941770746,55.7612408277528,65.9756322072153
"El Loa Calama Ad.",2293,-22.4989,-68.9072,"CI",34.7620753749356,34.5802304331637,33.3217437755034,33.1480258319393,31.3021109077586,31.0405205163684,31.0120265288733,27.9524703302004,28.8077363862872,26.3980007313105,1.99142090074872,10.1254615443472,18.7706586821801,3.54447666408521,13.0365972053597,21.4569047901625,1.0872831612742,6.89087844887763,12.9128341023213,0,0.995775165516477,7.54976429865249
"EL PLUMERILLO",704.1,-32.832,-68.793,"AR",57.6111244807475,56.1020568306585,54.5137808260815,53.6599255058372,53.0551176995859,54.4502496875075,54.4574520303231,53.3925996389961,50.373561253009,50.6905715708367,35.1043009368357,42.8991769976692,52.5084088072509,35.8919348715344,45.8111535459678,57.5133209606402,30.9063126389688,39.4326422075628,48.217694274459,20.8421512546042,32.6347788161775,49.8950286480567
"EL TEPUAL INTL",89.6,-41.439,-73.094,"CI",88.9510184659539,89.6681422724741,89.3328773062622,88.5891585712634,87.8841784528613,88.1024308778017,88.6078876885203,88.7788708805092,88.0920073570414,87.370764546702,79.8589226789245,83.8344126651391,85.8043875944841,80.0216777591449,83.8060620326496,90.9109992693579,78.4268235074824,81.5732501910661,84.7981367197117,70.4293186785526,76.1397765858428,88.1994678982792
"El Tepual Puerto Montt Ap.",85,-41.435,-73.0978,"CI",90.8358475081986,91.2608101340065,91.0936945439198,90.2171532748507,89.8437661355129,89.9539344650184,90.3999688625308,90.3884136351207,90.2966341571896,89.3788777308605,82.5701121669431,85.4486211454514,87.3395164267167,82.8074496616091,85.1576994337793,92.0859817959872,79.9858200648441,83.4502913801613,86.6357922408708,73.0271703009075,79.167758532285,90.0783895580003
"El Trapiche",300,-29.3731,-71.1181,"CI",30.6188918486148,32.1993117687625,35.35320293732,35.4865690523802,35.8730862933369,35.1260263293616,36.4405312295189,31.2922846039814,28.9331284691673,27.8925112835858,6.02047072635264,12.8752218359875,20.934344322754,6.0045788536749,13.978264621448,27.5476133573779,2.7507763969364,9.01145466926141,16.5848755037093,0,3.00788620170113,12.9968019198427
"EL TROMPILLO",417.9,-17.812,-63.171,"BL",1.00389021469272,1.00913911438192,1.00216380045742,0,0,0,0.993670335512075,1.00124412899171,1.00029583443813,0.966536061620616,0,0,0,0,0,0.999105418390684,0,0,0,0,0,0
"ELDORADO INTL",2548.4,4.702,-74.147,"CO",28.6810540323713,26.6225283813992,23.5009049407308,20.2783903662989,18.2130127402461,20.2447627865749,17.3835693968358,15.7581124252074,12.3279209296604,8.9553090760844,0,1.79704636261295,9.02942939436889,0,2.0187643324795,17.5640227533368,0,0,6.6331289119596,0,0,2.02507814531521
"ESQUEL",798.9,-42.908,-71.139,"AR",82.3057752302457,82.0771165295082,81.8893505589035,81.9481952587448,81.3769987829078,80.9634866272696,80.9088613898221,81.6373822098485,81.8051848004925,82.0621395253902,82.0328757902116,82.5982708741622,83.5480597609408,82.3428886355237,83.3705175564014,84.1424996042224,81.608049808292,82.7477565799418,83.3935305900159,81.8975703294918,82.8618366711635,84.9482293238111
"Eulogio Sanchez Tobalaba Ad.",650,-33.4544,-70.5478,"CI",65.985330875068,65.0824534839521,64.5274134264696,61.2993896651806,58.8718617637323,59.6974107506371,59.5002846810487,58.5043526422342,58.4291294898781,57.572847728904,39.7952483140975,50.4710601198673,59.3089766642868,39.8668585886999,53.4374678501385,66.8024531234155,34.7530445423554,45.5991561684441,55.7845855764403,23.8879681166011,39.6503794340488,53.5298441093894
"FORMOSA",59.1,-26.213,-58.228,"AR",6.54708518859672,6.04492495245063,5.81584117228488,6.00262166249672,5.17752621083298,5.04205896525716,5.64003103153715,5.40397155385085,5.86291170918861,5.56033009972566,2.01050271487267,2.90159530530468,4.0397181723942,1.00859521750635,3.17310778187198,7.16155979192592,1.00609000656721,2.01064615539059,3.38273422802001,0,0.992065723753853,3.52035039361999
"Futaleufu Ad.",347,-43.1889,-71.8525,"CI",87.5110273110422,87.1549902475599,86.8741598107918,87.1663398152032,87.0422946375529,86.4777274799762,86.0964527951091,86.660119558027,86.6422979512354,86.9003986821408,86.9069499911257,87.3578942947042,88.730491717475,86.4061549590024,87.9017107312716,89.5349292526853,86.4583849681294,87.6608912554148,88.7923673218665,85.4390221026247,87.4325549085079,90.4910549683509
"GALEAO ANTONIO CARLOS JOBIM",8.5,-22.809,-43.244,"BR",0,0,0,0,0,0,0,0,0,0,0,0,0,0,0,0,0,0,0,0,0,0
"General Freire Curico Ad.",225,-34.9664,-71.2167,"CI",79.758378061181,78.8355809100958,79.4984094553997,76.3454748642134,76.6805964501514,77.4725498063435,77.6768418423628,77.9647482013984,76.640327582797,75.8518100272227,59.6300000760771,68.1026179551332,75.4622989198269,59.7697214458417,69.1289478110302,79.5828341637953,54.9910456886741,62.8843237161818,70.3528868475926,42.3147475673205,52.956489709276,69.3103935966992
"GENERAL URQUIZA",74.1,-31.795,-60.48,"AR",35.7965139279653,34.9843713127889,35.4538779779314,34.735577088763,32.5636388640587,32.5328279990517,33.5832467597884,32.5117615660938,32.2597807642135,30.8316073029432,19.0088254439816,22.1289138182103,26.6402418039715,18.9490303625817,23.3070841808787,39.5747795324046,16.7667128629876,19.5292893160236,22.100200204477,10.1165773052348,16.176140275202,31.554038689294
"GOBERNADOR CASTELLO",6.1,-40.869,-63,"AR",73.0055572279894,73.8080462369871,74.3326761434428,72.7937699440727,72.2868138699033,70.975938948478,70.07848570023,68.8895405477388,66.3799412198496,65.4993016489707,61.3449458765493,64.5320528692374,66.9107701901521,61.8369786883814,64.9767103719823,76.0485279630848,59.708498221648,62.2023345646058,65.0333226114608,53.142500963022,58.0747949325314,69.7638819109236
"GOIABEIRAS",3.4,-20.258,-40.286,"BR",0,0,0,0,0,0,0,0,0,0,0,0,0,0,0,0,0,0,0,0,0,0
"GUALEGUAYCHU",22.9,-33.01,-58.613,"AR",38.3660791557375,35.6126118875036,37.0123472241658,34.3425113875501,34.0703955460522,32.9367936682174,36.7359434752452,36.1001248249868,34.8933620840417,35.2414342525897,23.4540759690171,26.0146236940117,30.8051773035788,24.3618627302978,28.3280923828129,43.0270505534045,20.5053185132325,23.1631800060238,26.8463307448023,13.2533075210231,19.3158618073817,35.4661998326792
"HERCILIO LUZ",6.1,-27.67,-48.547,"BR",2.00444526777687,2.01102026294308,2.01576228725463,2.78353553301064,2.01343929397473,1.68841111828687,1.01280020728234,1.01242930083737,1.97316769958445,1.96557116928608,0,0,0,0,0,3.01873645415446,0,0,0,0,0,0
"HEROES DEL ACRE",271.9,-11.04,-68.783,"BL",0,0,0,0,0,0,0,0,0,0,0,0,0,0,0,0,0,0,0,0,0,0
"Hurtado",1100,-30.2867,-70.6961,"CI",29.7281707138559,30.6511226289576,30.1455847142961,27.360516998448,25.2146758057926,23.3949986587372,23.413835229876,22.3629993332274,22.616822020198,23.9941917240634,10.0844227047836,15.1013001266574,19.7517865601076,8.9135582738395,14.2260788416029,20.6045623976145,8.00318193699462,11.8399903405287,17.7263428545918,3.72051425611414,6.76399158502784,15.4120945454411
"Illapel Dga",290,-31.645,-71.1908,"CI",47.4264714252058,46.7010867448303,47.543183780042,42.9572361215867,42.3614743702174,41.8741260792085,41.2771370222031,40.7920481775468,41.5049810670016,40.6717547700468,16.5212660756142,26.8718064541129,36.1037588450515,15.8693080236919,28.0676443343727,40.9221138621403,11.4578983570583,21.2967052857471,33.5460366782045,3.96658080447872,11.6766652938245,28.8144883962757
"JORGE CHAVEZ INTL",34.4,-12.022,-77.114,"PE",0,0,0,0,0,0,0,0,0,0,0,0,0,0,0,0,0,0,0,0,0,0
"JORGE WILSTERMAN",2548.1,-17.421,-66.177,"BL",3.88547435204123,3.58056807137916,2.54599465632691,1.69588873947436,1.55808276282265,1.01611609695536,0.968686960916784,0.979549598792687,0.995296557865828,0.723128530817348,0,0,0.741392877108268,0,0,0.459388143770241,0,0,0,0,0,0
"JUJUY",920.2,-24.393,-65.098,"AR",20.5385201579861,19.3407647379594,18.6764421196362,18.8694243351829,17.5991991847674,17.1018036126029,18.0702383350852,17.0289889793294,17.0793449588809,15.8940884708197,6.70448981631978,9.89879563727197,11.5312152364363,7.01292114626358,10.5913497947397,16.8737891707299,6.07021682683978,8.01502228504955,10.3670689108719,2.02299491966363,4.99231209895635,10.7015794725698
"JUNIN",79.9,-34.546,-60.931,"AR",53.9952861021566,52.5739170031657,53.1379443467749,51.2161136815913,49.6702010987407,49.5819331983673,49.9997810843588,49.2934882154173,47.7393526795772,46.9174244398723,38.4335212509177,41.7606064446281,46.5206444635276,39.0186507618716,42.9805902398546,58.4321069269736,33.9572364004189,37.7965292336548,41.6571872324988,24.8754960300289,34.0789750380657,52.0377145099964
"LA FLORIDA",146.6,-29.916,-71.2,"CI",50.1814237040107,52.4166619144034,54.8168917986468,53.928796480187,55.3973514306887,55.9836864444833,57.7731823187814,55.6980148203575,55.6358029725811,52.4247359153387,16.7243181301181,29.9957664029803,43.7756117744657,16.9328480613387,33.1215769848104,52.2576959365988,9.06723306638128,23.0260391570212,36.9088647308045,1.01391972693665,9.06030078840718,30.8558958492199
"La Florida La Serena Ad.",142,-29.9175,-71.2011,"CI",55.2304078543452,56.4105999257354,58.7202036538511,58.2743982515785,59.4112011527477,59.7870219482038,63.350175545962,60.8386278703529,60.7264333715402,58.173316510542,18.9861664665767,33.9728681485608,47.2345264177857,20.1093239171164,36.2420518808747,57.0171220644681,11.0918094554656,27.0320440510077,41.2707456844578,2.00838803233768,12.0239368967932,35.0716345977851
"La Ortiga",1560,-30.1939,-70.4819,"CI",35.7717440301285,34.7267923314494,31.1424159898593,29.1595091860872,28.4502197615088,28.0887898469573,30.3449309004909,27.4863394191811,28.0944956204107,26.8795524345173,13.9517104170591,18.9011462343631,24.9348328806477,12.2918746965506,16.4398789154108,26.01267412839,10.8252423238735,15.3612841760241,23.3104535758856,5.87374451604835,9.54271666664465,19.0403894000187
"LA RIOJA",437.7,-29.382,-66.796,"AR",26.1384024333065,23.975881220772,22.4942093385903,20.7540380265764,19.9589443705172,20.1036434884384,21.8933370343204,20.7314758638854,21.6338142735581,21.6227016369926,9.15783086891122,13.5843814086709,17.9098446024725,7.95657173344046,14.8455199835082,25.3963407627416,7.95213297979842,10.6341306957895,14.154394133453,3.83248602445656,7.53137125839874,17.7897986641873
"La Tranquilla",1000,-31.9,-70.6706,"CI",39.9541873276312,37.1991946018225,35.0921975871815,31.3806992275622,31.200188610735,31.161082247495,31.5374798678185,29.2164955494309,30.0376580795341,30.0588981790133,16.7581755793292,23.5627507093045,29.6413194432985,15.3607252641712,22.7856266825056,32.295690447801,13.0765466674854,19.8354348597877,28.3001116277096,7.02209527279399,13.3903422055009,25.2196597772431
"Lago Peuelas",360,-33.145,-71.5553,"CI",72.5965214531375,71.1702049290357,69.8730933794022,66.129851296691,65.8053961990317,66.8771380972084,69.6576839571444,70.1049735400534,70.1817584106398,67.9722550917086,44.5092296763432,57.4614963582135,64.5287872518275,44.1931091960466,58.0924052916876,69.7967644433947,37.5890392729437,51.9269821891926,59.775178702087,24.8977953993731,41.7486840309398,55.7748274116525
"LAGUNA DE LOS PATOS INTL",21,-34.456,-57.771,"UY",43.5727945108438,40.8836529973059,43.0819550515689,40.2771330004405,39.520939293373,42.3840780744258,44.6246091298126,46.9800084819108,46.335903186563,43.1260876931246,28.9537875400702,31.9410534610161,38.2638931399929,29.3294017442349,32.4105796383822,53.0005716843743,22.1848989233101,28.1337905789669,32.4003846689407,14.0828089127456,21.9318802707223,43.5085109155025
"Las Ramadas",1380,-31.0181,-70.5858,"CI",38.3083083625661,36.9691617687372,37.3895809938349,33.4907816949381,32.7017508387421,31.3834721841156,30.7200892407975,28.7720903853524,28.9727869528264,28.5836464679749,16.3534431315195,22.4977276195239,28.2522384243453,14.3407503595404,20.5834111852796,29.4538772647677,12.813152496376,17.7008885967124,26.211935689179,6.94614022237351,11.904389038466,22.6055875266959
"Lautaro Embalse",1110,-27.9783,-70.0033,"CI",4.99114890527983,5.24376500695377,5.17706992581486,4.75559386040911,4.13477232776734,4.50167671631471,4.37224562568338,4.25177793471175,4.40625578763485,4.13964571843991,0.986188428640787,1.24858912440135,2.63972341664726,0.980263038252858,1.55093666697337,2.99959520181551,0,1.00191588067354,1.89349707481631,0,0,1.01813389016104
"Lliu-Lliu Embalse",260,-33.0986,-71.2144,"CI",63.0346719431154,60.9442804258211,60.9822321727042,56.4795914106445,55.6717889490174,55.5982310563978,54.9693464374213,53.8530201677486,54.3370320170498,53.6674109763289,28.2918593288673,39.7888432679838,48.9950491833383,27.6557960528224,39.9282317629791,52.1084719115242,23.7634763878178,33.9926704636048,44.8553437085175,9.76578029360667,24.777940572058,40.0919318248266
"LONDRINA 2",569.1,-23.334,-51.13,"BR",1.00589810585323,1.00749662463618,1.00379874617053,1.00448981001914,1.00650806492368,1.00249004892322,1.00548092760783,1.00355362536135,1.00551195420709,1.00996027883969,0,0,0,0,0,1.00289353276577,0,0,0,0,0,0
"Lord Cochrane Ad.",204,-47.2439,-72.5864,"CI",78.456688649514,78.652230156963,78.0566788523938,79.2505424716182,78.0895985356942,78.9520473643006,79.6964446130314,81.0395230687936,81.1047762834332,81.6660048716058,82.2891891462614,84.0092431565372,84.8588578603997,83.3888020821992,84.87512375909,87.3769571792154,82.7558011941564,84.8501576563012,85.9188622936244,84.7971413309806,87.4812909470911,88.6898919369078
"Los Condores",190,-32.1086,-71.3125,"CI",49.7698007712288,48.0673712940493,47.2075156132705,42.0923552142734,42.9848660120756,44.9328958766509,47.0767619907974,46.2318747260929,44.9351640928776,42.9040776301067,16.0470508262346,29.7670344505505,39.4144456996688,15.805584127605,29.0358164622946,44.4056295940909,9.89893899097694,22.0928173139007,35.1622933909939,3.01465795519698,12.0349126415865,30.0417990969306
"Los Panguiles",190,-33.4386,-71.0256,"CI",65.8507416787215,63.796468341656,63.6836747785178,59.3113048936102,59.5170959116103,59.9017687705432,61.1494900996836,60.9739875550554,60.3044084333856,61.2308161467417,35.8448350891676,46.8972654227728,56.2487949819815,34.943346606387,48.5726310396285,61.3538879286825,30.3429024085287,41.6621878911824,51.9784333373327,16.9585366230447,30.9857629424391,48.2812450918673
"MALARGUE",1430.1,-35.494,-69.574,"AR",72.6517487962751,71.5392826519692,71.5148379799921,70.8677058409212,69.5573725738805,70.2707387187584,70.5925562320172,68.729671933741,68.3075770447631,67.7989512402341,59.2164137889413,63.9803957096383,68.8423882694049,59.4888132480137,66.0760747603376,72.9063871770613,56.6907293513077,61.7149215663321,66.2653288784768,45.4578384041024,56.6814786793589,67.98309222424
"Maquehue Temuco Ad.",92,-38.77,-72.6369,"CI",82.5004216913251,83.5183144321454,83.1749102871618,81.9187068273004,80.9104718888575,81.4216877826821,82.3157665556591,82.4627416265103,82.4307534434602,81.8083306866747,70.9852489132741,76.0360227493275,80.3658262483204,71.6743488787433,75.9642796181951,85.7640046450033,69.2052637393972,72.4041776408885,77.595207513988,60.9137096227096,67.7039103843772,82.1825418987919
"Maquinchao",887,-41.25,-68.73,"AR",78.2594517983453,77.3706271996598,77.1604719223869,77.852777346608,77.4748488964724,78.6808419983736,78.1074581237208,79.5522232827516,79.041520774148,79.084477891769,77.950517211972,79.0527819127565,80.6089700595239,78.6569659528795,79.431321140919,81.1304926385837,78.0171173341241,78.9344343331759,80.4503780106338,77.9777270866794,79.3112487091103,80.9767393690217
"MAR DEL PLATA",21.6,-37.934,-57.573,"AR",70.7012217320498,69.7052347591307,70.2521622540194,69.6591997790492,68.0227207021276,68.6338316692697,69.3450183546556,68.1886514073212,67.1477214301603,65.9301806925623,56.8181160401036,61.9634715946631,63.9211551351173,57.4178770728158,62.6764180418386,74.59682287448,50.7970776282145,58.4243256174,61.213026632987,38.9213833260346,53.3647769078871,66.9344614001147
"MARCOS JUAREZ",110,-32.684,-62.158,"AR",41.3926507278343,40.296309420095,40.7490709116864,40.8463194787235,38.4246441919722,39.560325606697,41.1033866025127,40.1020542845381,39.0795452092098,38.1487846690466,28.3710592239463,30.684826364547,35.871855441722,28.9515376059994,31.6111416738033,46.7324139461771,25.2998328391022,27.7561538749844,32.0032529330724,18.212872238792,24.8050878776512,40.2892965944503
"MARECHAL RONDON",188.1,-15.653,-56.117,"BR",0,0,0,0,0,0,0,0,0,0,0,0,0,0,0,0,0,0,0,0,0,0
"MATECANA",1346,4.813,-75.74,"CO",0,0,0,0,0,0,0,0,0,0,0,0,0,0,0,0,0,0,0,0,0,0
"MINISTRO PISTARINI",20.4,-34.822,-58.536,"AR",51.3440397080933,49.1845335076559,49.5777947378392,47.8591376979766,47.1033790612494,48.1472927536042,48.4556845144052,47.5638043498784,46.4139907370227,43.8292926782324,35.1987435841784,37.6499367133092,45.06871842898,35.8577205827412,39.1471758775751,57.6331591157477,29.7039534031574,35.6527942010762,38.632592930463,21.996027033003,29.615323388774,50.3434118279256
"Neuquen",271,-38.95,-67.97,"AR",72.0675505492788,71.9961195085652,71.5364863875755,71.3130282995589,70.3804033329538,71.9013783587375,71.4924145390876,70.0319988954443,68.1780528981308,67.8597327470152,63.2615766496756,66.1901347653729,68.5057658747,63.9949786746765,68.0375372891892,76.4195784902313,58.2643269908713,64.3506760460514,67.1619626617075,54.0781361586887,59.6002360868365,72.7016026475649
"NUEVA HESPERIDES INTL",57,-31.433,-57.983,"UY",24.783127661593,23.6055804750195,24.3998968973674,23.8564909008774,23.4530370399293,25.6091414846669,29.4106872939205,28.7959299450438,29.041159565121,27.6011642164121,15.6648435922339,19.1837641303705,23.6547762335076,17.5672108606909,20.8771568420584,33.2026523105842,14.797801982734,16.8532406191226,19.6023324626658,7.69348593721539,13.8007329408258,24.6978587502031
"Paloma Embalse",320,-30.6958,-71.0361,"CI",35.2050848912841,35.6615076807539,34.8569968738693,32.819675823592,31.6519827032557,29.9840845958265,31.9747364121877,31.9242642438664,31.9351589912112,32.3850359328085,10.0505674087088,17.1507579640788,26.373362516264,9.33883763836394,19.1033246612246,32.4789836241362,6.05954814779551,13.0155556291387,23.708971549515,1.01343083378163,6.05833935679141,19.0347907512985
"Parral",175,-36.1878,-71.8283,"CI",81.788881914174,81.822253346194,82.0046457755434,80.1881827916104,77.858785266274,76.2408453266635,77.7092170294502,77.4674439104624,78.7113889948192,77.8421981187457,63.1320166977625,67.8437884303091,74.650494369148,63.2720181885079,68.9694201669276,80.5110443051817,59.8920135028525,64.4262567295646,71.4057002864926,47.6113482504688,57.741609719099,71.3723996907943
"PASO DE LOS LIBRES",70.1,-29.689,-57.152,"AR",17.8085322098541,17.1623476568033,17.1854138392825,17.4841290824434,15.9379075286504,15.7664360293898,17.7627900527339,16.8981759785514,16.0817867175131,15.1033615877657,7.43152159340246,9.59351558224489,12.8128620724515,7.75049618228536,10.1471915483849,21.4160886704494,5.76319467672016,7.3637210806146,9.55750380141467,2.81451082506032,5.38712836066617,11.932678848339
"PASO DE LOS TOROS",75,-32.8,-56.517,"UY",38.2250268330199,35.7381447657669,36.5804440005045,35.468304895795,33.9161390288737,32.4991919326108,34.3583791730596,34.7873392428683,35.4172499230458,34.5956118051233,23.893507414818,26.7471400748072,32.80437274935,25.3088045185468,28.3279477201297,43.946967014972,20.5343818527986,24.3512066661888,27.4981689993861,13.5650571369697,20.6398602590748,34.384068223656
"Pichoy Valdivia Ad.",21,-39.6506,-73.0808,"CI",85.9131535346205,86.0466032658924,86.5803166841615,85.5917184483878,85.3143704581998,85.3529147148387,85.5068943465558,85.329000706326,85.3508826674413,84.99130362914,76.5006800253459,81.0054171214297,84.5572939833037,77.0938184787974,80.8072286337847,89.0726190304595,74.5153774445389,78.4729591280256,82.0048186301046,66.2564333602095,73.0236840236685,86.1418238226906
"Pirque",659,-33.6736,-70.5869,"CI",69.1313452634477,68.2981424313452,67.7467523104642,63.6724917020269,63.5785744761038,63.5131896143112,65.0947081987106,63.5435180016775,63.4856620440669,62.2008430494561,46.6975352094489,55.3970347237585,61.7831146488379,44.4801140661693,58.2902684292431,68.7111529504855,41.8572748299116,50.4041349785293,58.6496455247361,30.2868413075694,44.75644224486,58.9032332962424
"PISCO INTL",11.9,-13.745,-76.22,"PE",0,0,0,0,0,0,0,0,0,0,0,0,0,0,0,0,0,0,0,0,0,0
"PONTA PELADA",81.4,-3.146,-59.986,"BR",0,0,0,0,0,0,0,0,0,0,0,0,0,0,0,0,0,0,0,0,0,0
"POSADAS",131.1,-27.386,-55.971,"AR",6.95497172270768,7.00897339676089,6.9100331591668,6.87284266974564,6.13558932624892,5.67322231960532,6.00429022177249,6.02813685296371,5.69880176167169,5.48421744820212,2.01735729133252,3.16346079712901,4.55645753538869,2.01300618610804,3.20054549238705,7.97981384401214,1.71181788591502,2.36391712144416,3.8272461652019,0,1.0043896208075,4.01977284882304
"Potrero Grande",445,-35.1833,-71.0978,"CI",79.7972243536096,78.6362183266674,79.0494994162198,77.9426282908789,77.2169102408207,78.7534070937782,79.6287541889815,78.9673375726361,79.7745401658467,78.8828254391183,66.6987574427403,73.1348295742855,77.8436039751399,66.2589501186667,75.4306309959483,81.5595347631934,63.3883115744038,70.2554427160012,74.7873447667798,52.5212507867645,61.6406310556713,74.9665189620519
"PRESIDENTE GENERAL DON OSCAR D GESTIDO",223,-30.975,-55.476,"UY",27.1827048762004,27.4503280483232,26.83626520493,27.5812886867736,27.7951200246739,27.574037217131,29.7981019117578,29.4661718483069,28.4509666960091,26.8851578028693,14.4406394502792,16.788030107489,21.7716689618292,14.7218047804581,17.3708775173989,33.2197793343385,12.6241371748674,14.1999401667183,16.6811550996299,5.48917231976259,10.4108434493972,22.6087859907502
"PRESIDENTE JUSCELINO KUBITSCHEK",1060.4,-15.863,-47.913,"BR",0,0,0,0,0,0,0,0,0,0,0,0,0,0,0,0,0,0,0,0,0,0
"PRESIDENTE PERON",272.8,-38.949,-68.156,"AR",70.6656984580695,70.7361956811733,70.0609268693315,68.3997751560028,66.7532837074643,67.9464473961302,67.304166435455,65.7137694783332,64.6976004427979,63.7020964825479,61.0257586600083,64.8367579757396,67.9039321839682,62.5079511467698,66.8521066031515,76.110913724915,57.8851094344154,62.4962188594072,65.2983956622675,53.0271189384825,59.0281084549688,72.6424649357937
"Pudahuel Santiago",482,-33.3919,-70.7944,"CI",69.5330798042942,68.2218824416977,68.0959470687221,65.4242108647886,64.8917315090948,65.2205895928882,64.7234988656801,62.6825564439455,61.9633189748432,61.2962550707944,44.8157718987409,56.0801404327617,63.4172522118524,44.6828743621263,58.1259653482093,68.1597197788997,40.8382230350812,49.7225848718442,59.6213064877984,28.3782012367833,43.2342933743321,57.3533384392767
"Punta Arenas",5,-53.1233,-70.8772,"CI",79.9579215747322,79.7425544761954,79.3560630223574,79.9157997760121,79.9524834807485,80.7395766518948,81.7242310229158,82.319611891061,82.7316963907269,82.8233103626189,83.6409573657602,85.9012551193346,87.5234225592667,84.1941032744244,86.8586357348886,88.7776091582673,85.145790091743,87.1429540849585,89.1719784342695,87.9324910779724,91.6749966484876,92.6580996897337
"Punta Arenas",38,-53.0033,-70.845,"CI",79.9579215747322,79.7425544761954,79.3560630223574,79.9157997760121,79.9524834807485,80.7395766518948,81.7242310229158,82.319611891061,82.7316963907269,82.8233103626189,83.6409573657602,85.9012551193346,87.5234225592667,84.1941032744244,86.8586357348886,88.7776091582673,85.145790091743,87.1429540849585,89.1719784342695,87.9324910779724,91.6749966484876,92.6580996897337
"Quillota",130,-32.8958,-71.2092,"CI",55.9429413100922,54.3124344109006,55.0974829836318,50.5849972386154,50.2586962705529,51.0198482018109,52.0558209869435,51.8647394606519,52.6330245258532,50.988427130191,26.8288724850148,38.7672897242703,48.6525912144489,26.6477916479944,39.8579135136742,51.7528736620936,21.0929682733222,32.7878930288722,43.4141025849017,9.97169690052908,23.7367219037851,39.897972609569
"Quinta Normal Santiago",527,-33.445,-70.6828,"CI",62.4434567632056,62.1380168731484,61.8032903214353,58.4249436598402,58.5538583751359,58.6155147220979,58.3962316229208,55.5338390542954,55.1785119304104,53.9458793387912,36.7278231519531,46.0027748072489,54.8257833791818,34.1126544465703,48.6893651277878,62.3967156063459,31.541482734719,40.2337271937809,51.4575578870204,20.0890556074974,34.6801656510443,49.3605872823996
"RECONQUISTA AERO",48,-29.183,-59.7,"AR",18.7115126433309,17.8213021721622,17.1419364697007,15.9175231767108,15.5854762087345,14.3300744363987,15.8938545866091,14.904116303245,14.5151847284303,14.0658379915189,7.67585198809201,9.05147828820714,12.1862171593052,7.61960567197639,10.4694701930913,20.9116140588314,6.26073766542333,7.47743114021046,9.89814659846638,2.68712505798058,5.51589725318877,12.7421567571496
"RESISTENCIA",52.7,-27.45,-59.056,"AR",10.0198955771457,10.2608051609558,10.0709517527539,10.6532349739844,9.2305474693369,8.74263967302113,9.61781038184691,9.11336344285337,9.40596067932418,8.72064483731128,4.38129624815474,5.13073634077148,7.66302229105474,4.22776267313952,6.14185920883705,12.0580506385394,3.62913709796069,4.58922048185059,5.49556988307177,1.00382243941391,2.98783731899238,7.33129669953109
"RIO CUARTO AREA DE MATERIAL",420.9,-33.085,-64.261,"AR",50.4911932401737,49.1921288177246,49.2321833565702,49.1386344996483,47.1388346286875,47.0999772024588,46.8665360564678,44.1943871731137,42.0664972963307,40.7613034913454,33.4869205974187,36.2903897833482,41.6386228042147,34.3278921628962,38.096434064199,54.2744650844506,28.9402316593309,33.2581543047168,38.0572810320882,22.625481063124,29.9812429063979,47.2030407972163
"RIO GALLEGOS",18.6,-51.609,-69.313,"AR",81.6625031445428,81.8464006625991,81.1022143414148,81.236555168728,80.3461303995191,79.8918420951823,80.2724158090593,81.1729795178744,81.5582625300085,82.5000516251803,83.328756554256,84.3837198314559,84.9797111643933,83.8509775439634,84.8774889487977,86.6443877204401,83.9709766799733,85.1386708194295,85.9812461233169,85.8168111140203,86.968601004648,88.1281246332419
"RIO GRANDE 2",19.8,-53.778,-67.749,"AR",75.1496832021494,75.1360270050918,73.1533648726454,74.0387629136721,73.5171376924291,74.4375807881715,75.0455531834295,76.5763535441201,77.6076154705079,78.4523616595961,78.5810489824435,80.6118039686953,81.6411489788634,78.7305622630458,81.6428545829494,83.1654556274225,79.874559814798,81.9104636874945,84.4908854348996,82.4718063669297,85.9671051126606,87.3627040855454
"Rivadavia",820,-29.9772,-70.5617,"CI",21.8765230211234,20.0209508290018,19.5959810690292,18.4258786442972,17.7523561187872,17.7330072323089,19.5881543955164,19.6486209732675,20.5178185660434,21.7078654737701,6.66615523946143,10.1867424746374,14.2169666068444,5.94871232902869,10.4394687087307,16.3075312333913,4.13635503424712,7.90490155838461,12.902102692415,1.97266476911921,3.90589130164295,9.82480089729074
"ROCHA",18,-34.483,-54.3,"UY",45.8143734139589,44.7611013566857,45.6908500333038,44.0902118215045,43.1639453898179,42.1843337458095,43.7653640890903,43.3302567716682,43.1153089037125,40.8947154883936,28.471545756801,32.2211238325294,35.0595749665536,29.1285473848475,33.519544443725,50.5844184236184,25.0145649146523,28.7754594437215,31.9059364758168,13.920584896191,23.2877584246955,40.9029830782429
"ROSARIO",25.9,-32.904,-60.785,"AR",42.6140638033216,41.8758836404856,42.6581705920885,39.7285466433977,37.7365603458729,37.3976568391063,38.8888867321907,37.4251486128564,36.6862513249362,36.9639409583433,27.7807762214325,29.9445171192192,35.1518808977453,27.0647752106174,31.3693987405771,46.4360471536311,24.2724540629678,26.969683493717,30.4407898634086,15.5343098846638,23.8167482617205,40.6443188780056
"SALGADO FILHO",3.4,-29.994,-51.171,"BR",9.930606790605,12.0028475201881,12.1446717788458,13.9254335735716,13.0770730454967,10.8287772426395,11.0088037676319,11.087011496621,12.107193192879,12.0825555050963,5.91885036045255,6.56122495062084,9.66556361614016,5.62499689555989,8.04294576303118,18.8306700033027,3.96759996068027,5.02571474819581,7.02074121349472,1.00957865342475,3.01741576963974,10.6561517924529
"SALTA",1246,-24.856,-65.486,"AR",28.1179391593948,28.4023012656189,29.3153883803615,28.5294536590263,27.26487597752,24.9737695546178,25.7105701195153,24.3865789052154,25.8826641566334,25.0834901765168,11.9556078765561,16.3775290732577,19.2947175032728,11.0772895502953,16.6891640201275,25.7620156601664,10.2682451108258,12.9614975708369,16.8024184106994,4.90750371397974,9.07164031996649,17.3750278641096
"SAN CARLOS DE BARILOCHE",846.1,-41.151,-71.158,"AR",84.0205300607704,83.4497500155485,82.7302576790516,82.8674670267246,82.448382479929,82.4148283284408,82.1084803626129,81.9650944798486,82.0623134384267,82.6613059467563,83.7559078490401,84.4496372624399,84.9847655443432,84.4940439705006,84.8817435994451,85.524482385087,83.8533632675617,84.6960757105953,85.5088152146217,83.7567196179371,85.1246744986765,86.096769048077
"SAN JUAN",597.1,-31.571,-68.418,"AR",47.751653141449,46.5390028930414,45.382661677299,44.7064754281555,43.4598347616884,43.7489366865607,44.4113685137922,43.0480935760579,41.4866801896894,41.0418114327398,28.4254100558733,36.1656339298843,44.3251698460726,29.8256486430837,38.2193746616103,52.5281106170914,25.5741491667955,33.347526851654,42.9521276249689,17.2537477801536,28.2020392259982,45.5541783954613
"SAN JULIAN",57.9,-49.307,-67.803,"AR",85.281294198639,84.5891854403621,84.4160139550459,84.1838434600122,83.3076113069233,83.6123051851091,83.5613185442962,83.9582366347768,83.8562155101704,83.9358964470798,83.1473313774923,84.256197492984,84.8220001440943,83.5173358991365,84.7398289902308,85.6062109859954,82.9717924598583,84.1328951396476,84.7271797856627,80.2584268748296,82.6499910566727,85.8471355512547
"SAN LUIS",709.9,-33.273,-66.356,"AR",42.293253329879,41.9347100011664,41.3894828130719,40.2432444810579,39.8028279784448,38.5732658143534,40.6846205413294,37.4622078573193,35.9744316924302,35.4876973399496,24.2137969096557,28.5092856044555,35.0907186695567,25.2709569778215,31.230710586241,49.1952745340213,21.7776535419466,25.913978183514,30.8132201756944,17.9009673820474,20.9344341626552,40.2035137355415
"SAN RAFAEL",752.9,-34.588,-68.403,"AR",58.590543833935,56.4478766230768,57.4098828739038,55.4757212368686,54.7559978744819,55.8157970411921,55.6791020389574,53.8825973514236,52.3275680388606,50.6890078908905,39.32264098313,45.3964180692426,52.9367819487916,39.9445277969476,48.4462890248674,63.0111072683794,36.7568648513206,42.7057527406573,49.3368934938154,29.9626768298476,37.3906032130253,53.713002479325
"Santa Juana",560,-28.6672,-70.6625,"CI",19.1649636154434,18.1866696887756,16.3218522604081,15.0473701404712,13.5813392394664,13.8105975000656,16.0808998262249,13.5664327115137,15.3630408794736,16.3194000388999,3.02786115439173,7.00323804428319,11.0738433143495,3.03883323627224,7.03602523819836,15.5271460258236,1.91288616145022,4.59279750651239,8.00970338090315,0,1.01050367505037,6.04755678213917
"SANTA ROSA",192,-36.588,-64.276,"AR",59.8969278273053,58.8259980472776,58.2574395169011,57.9884530521563,56.5413066514752,56.0405823602068,57.1281538286794,54.1379153739244,51.9220563429076,51.2230912806572,46.7345270029823,50.6370317245423,54.2473181838604,49.1061462030866,51.7080526856889,65.6613971976685,43.573629058862,47.2199069515864,51.1434925068124,37.52247481299,43.2405690420287,60.4673823740677
"Santa Rosa Aero",192,-36.567,-64.266,"CI",63.7313016208282,63.1064848028318,62.4433256004813,61.2562091408031,60.7657132883544,59.7769673255664,59.1459923530047,56.2154545511567,54.0338154060814,53.8351455570682,50.8864312140881,53.9355050248732,58.4768651094664,52.299412249673,55.333137456817,68.7107097701223,46.585954957809,51.3054001673872,55.2745378590862,41.1418276680188,47.2160172343019,64.8098936658644
"SANTAREM",60.4,-2.422,-54.793,"BR",0,0,0,0,0,0,0,0,0,0,0,0,0,0,0,0,0,0,0,0,0,0
"SANTIAGO DEL ESTERO",199.9,-27.766,-64.31,"AR",19.0082191119191,16.6045740420491,17.3798346357876,17.3107922120053,16.3229429764433,15.806288674518,17.415387870534,16.9199567528024,16.806527861414,15.9785882728606,6.95123672145797,11.1023732279046,12.133819480011,7.87058829922256,12.829056124622,23.308073299203,7.17407149503947,9.47398462437036,11.4151436684813,3.99460234747391,6.86246159203108,16.8296680193257
"Santo Domingo Ad.",75,-33.655,-71.6142,"CI",70.7786341744891,69.3232846551764,69.1535035824454,67.0685932283777,67.2848262222706,68.7707434927124,69.8023980660237,70.0326562223445,69.6741835746161,68.7231892813434,40.7572099242861,53.6253565388643,61.4409763586182,40.2492535229139,53.3974332139173,69.8079013118841,33.9535185856948,47.822184360356,57.0823138126543,19.0153773823997,36.0985177075931,53.1029459108231
"SANTOS DUMONT",3.4,-22.91,-43.163,"BR",0,0,0,0,0,0,0,0,0,0,0,0,0,0,0,0,0,0,0,0,0,0
"SAUCE VIEJO",17.1,-31.712,-60.812,"AR",32.1126803224306,31.2916540853294,33.266232008878,31.7640207124466,30.0981833386486,29.1464773299822,30.5684788959688,29.6527302543932,28.7679092947242,28.2266309145593,19.4914707826642,22.0210039146532,25.7266408899552,19.5536340270094,23.3263701134006,39.0713904557651,17.4401429940176,19.3361542788471,22.2210289341583,10.9570849558959,17.060920878409,30.5539651055647
"SILVIO PETTIROSSI INTL",89,-25.24,-57.519,"PA",5.40002188533026,5.48615469032137,5.28345317199557,4.94864019035253,4.30550714549895,3.96351096963303,3.98354503139035,3.9691633479132,4.42251517323757,4.14446137109735,0.886970403328064,1.01465816419463,2.00975395863337,0.88538965855173,1.65903744622128,4.8296776958,0,0.995807420110623,1.54902704871847,0,0,1.93236886631718
"SIMON BOLIVAR INTL",5.8,-2.157,-79.884,"EC",0,0,0,0,0,0,0,0,0,0,0,0,0,0,0,0,0,0,0,0,0,0
"Talca U.C.",130,-35.4358,-71.6197,"CI",77.2451026847466,76.2638829070393,77.296888095027,76.5745653483,76.7862551157755,78.661881992668,79.4219392089763,78.9971066431635,78.3652579735617,75.5688190371756,58.9010211484469,65.7675776877859,72.6956387211721,59.0938622851008,66.9993574236623,77.4684088984886,54.8537319491888,61.5104209673664,68.5055840295117,42.9513996586168,53.6372419605457,68.1021507624187
"TANDIL",175,-37.237,-59.228,"AR",73.26694429603,72.234477858181,72.7568279604857,71.9203688347674,71.0112328229352,70.713547259933,71.1295066152561,70.0463778610419,68.8119628934837,68.286300844225,58.6092964229947,62.6458489202165,67.8630899229993,59.7414038732693,63.6963014184676,75.9255724461686,55.6043294498768,60.5807091783136,62.7978115498045,45.2982894076813,55.5229082987407,69.3735108722485
"TENIENTE ALEJANDRO VELASCO ASTETE INTL",3310.1,-13.536,-71.939,"PE",45.08075947315,44.7285490949093,40.9349695015337,39.0952216415358,38.1374080264231,34.1239966421708,34.438875119039,31.3939297551642,29.9703487968136,29.0794605376132,2.89799895480428,10.5816805875852,28.7359114870223,2.70632560140351,12.0016167628521,32.0803955895981,1.01285130131225,5.59803173966895,22.7532595869525,0,1.09339417300623,13.1272270507365
"Teniente Vidal Coyhaique Ad.",310,-45.5939,-72.1086,"CI",83.7212171728588,84.1837370737176,83.5607456938809,84.418657059512,84.5041951294261,83.9550839995381,84.0257034753631,84.4724062052937,84.8303379562913,85.4663723903577,86.1259913247859,86.9473603554979,87.7561124340173,86.4590707247789,87.610395299198,88.5138189997597,85.8025722898201,87.4136114542871,88.4302025028755,87.2581052822661,88.1555932845185,89.4347230956155
"Torres Del Paine",25,-51.1842,-72.9669,"CI",79.9486636590518,79.3734684606552,79.5306821761787,79.8792096057065,79.5114858972502,78.9114579198649,80.8621883627748,81.7411252655747,83.0493887716832,83.5628295553033,82.8196139773481,83.7738513551267,84.5955364063084,82.7912735579957,84.2076507709398,85.5512950845077,83.358115001105,84.4025168728949,85.1038473434437,83.7688850209561,84.9053581627923,85.702291653799
"Traiguen",234,-38.2561,-72.6536,"CI",89.5603466755665,89.2497205426157,89.3154567598285,88.3821781432653,88.2491924180981,88.1241810855568,86.7628486808808,86.6421100874031,85.6979326629585,84.9889196890763,76.7706426116747,81.7953685516241,84.6436415634344,77.7751495399298,81.649584089213,89.3791324897902,75.0473223250092,78.7473922414511,82.888741116476,66.488516112036,73.4761855427787,85.6435102863641
"Trelew",10,-43.23,-65.32,"AR",77.5483180698284,77.2826548185894,76.2583726573002,74.328787031176,75.0573498571343,75.171425113961,75.0324428181329,74.8610344716535,74.0485285031402,72.5598303861934,66.5641094197345,69.5746884732162,72.5225996466575,67.2468404354349,71.3499377627868,78.0077436925058,63.5813200139937,67.4215833120888,70.9593630584791,60.7409965377501,63.888160272194,74.5885466256168
"TTE AV JORGE HENRICH ARAUZ",155.1,-14.819,-64.918,"BL",0,0,0,0,0,0,0,0,0,0,0,0,0,0,0,0,0,0,0,0,0,0
"VAL DE CANS INTL",16.5,-1.379,-48.476,"BR",0,0,0,0,0,0,0,0,0,0,0,0,0,0,0,0,0,0,0,0,0,0
"Viedma",7,-40.85,-63.02,"AR",75.9810741551364,76.7492371794665,76.7705189180479,75.5954737205907,75.1434677629514,74.1844034850528,73.4749724082612,72.5043878404576,72.0375547805334,70.7159477549021,66.6819679275122,68.843747574083,71.1605106195129,67.3698185037297,70.1060095764624,79.3482620458371,64.0239879776555,67.3283698453188,69.3568764885695,58.9160931570432,63.3147021816039,74.6813984464352
"Vilcuya",1100,-32.8603,-70.4719,"CI",57.6664737193651,56.2916370567391,54.7490720745127,52.9961226555479,50.0457485523311,49.912900743057,50.4605809009531,50.0436264703533,50.394028323582,51.8869252145737,33.1177477505798,41.4655637231817,48.8230623414235,29.8769996815382,41.820676735053,48.9893311599726,28.107245693298,37.2232853098922,45.4217554814871,17.0841003828073,29.8250340903539,43.1417387397513
"VILLA REYNOLDS",484.9,-33.73,-65.387,"AR",45.6444028094647,43.7347876681442,44.3539546725469,42.4255417515128,42.4606155772449,41.9287427797452,43.3311393063314,39.9692830967133,38.502945184478,36.7367850012522,34.1217881312059,37.0199195322284,42.1913809687721,36.3895129900939,38.9328564306452,56.0108110121719,30.4034932889399,34.9605184672428,39.2548424325732,26.802499972523,31.1366603511483,48.3613155465519
"VIRACOPOS",661.4,-23.007,-47.135,"BR",1.01440710946693,1.01512096144592,1.00790958505321,1.00111009890998,0.489005009377195,0.661745991829406,1.00151375460757,1.01092365952371,1.01163967883275,1.01345771163852,0,0,0,0,0,1.00861840622474,0,0,0,0,0,0
